-- --------------------------------------------------------
-- Servidor:                     187.33.241.40
-- Versão do servidor:           10.11.11-MariaDB-cll-lve - MariaDB Server
-- OS do Servidor:               Linux
-- HeidiSQL Versão:              12.10.0.7000
-- --------------------------------------------------------

/*!40101 SET @OLD_CHARACTER_SET_CLIENT=@@CHARACTER_SET_CLIENT */;
/*!40101 SET NAMES utf8 */;
/*!50503 SET NAMES utf8mb4 */;
/*!40103 SET @OLD_TIME_ZONE=@@TIME_ZONE */;
/*!40103 SET TIME_ZONE='+00:00' */;
/*!40014 SET @OLD_FOREIGN_KEY_CHECKS=@@FOREIGN_KEY_CHECKS, FOREIGN_KEY_CHECKS=0 */;
/*!40101 SET @OLD_SQL_MODE=@@SQL_MODE, SQL_MODE='NO_AUTO_VALUE_ON_ZERO' */;
/*!40111 SET @OLD_SQL_NOTES=@@SQL_NOTES, SQL_NOTES=0 */;

-- Copiando estrutura para tabela platafo5_pdv.categorias
CREATE TABLE IF NOT EXISTS `categorias` (
  `id` int(11) NOT NULL AUTO_INCREMENT,
  `nome` varchar(50) NOT NULL,
  PRIMARY KEY (`id`),
  UNIQUE KEY `nome` (`nome`)
) ENGINE=InnoDB AUTO_INCREMENT=15 DEFAULT CHARSET=utf8mb4 COLLATE=utf8mb4_general_ci;

-- Copiando dados para a tabela platafo5_pdv.categorias: ~9 rows (aproximadamente)
REPLACE INTO `categorias` (`id`, `nome`) VALUES
	(11, 'Batata'),
	(1, 'Bebidas'),
	(13, 'Brincadeira'),
	(14, 'Cachorro Quente'),
	(12, 'Caixa Completo'),
	(3, 'Caldos'),
	(5, 'Chocolate'),
	(2, 'Churrasco'),
	(10, 'Doces'),
	(4, 'Pasteis');

-- Copiando estrutura para tabela platafo5_pdv.controle_caixa
CREATE TABLE IF NOT EXISTS `controle_caixa` (
  `id` int(11) NOT NULL AUTO_INCREMENT,
  `usuario_id` int(11) NOT NULL,
  `caixa_numero` int(11) NOT NULL,
  `data_abertura` datetime NOT NULL,
  `data_fechamento` datetime DEFAULT NULL,
  `valor_inicial` decimal(10,2) NOT NULL,
  `valor_final` decimal(10,2) DEFAULT NULL,
  `valor_sangrias` decimal(10,2) DEFAULT 0.00,
  `valor_vendas` decimal(10,2) DEFAULT 0.00,
  `valor_vendas_dinheiro` decimal(10,2) DEFAULT 0.00,
  `valor_vendas_pix` decimal(10,2) DEFAULT 0.00,
  `valor_vendas_cartao` decimal(10,2) DEFAULT 0.00,
  `status` enum('aberto','fechado') NOT NULL DEFAULT 'aberto',
  `observacoes` text DEFAULT NULL,
  `valor_dinheiro` decimal(10,2) DEFAULT NULL,
  `valor_pix` decimal(10,2) DEFAULT NULL,
  `valor_cartao` decimal(10,2) DEFAULT NULL,
  `diferenca` decimal(10,2) DEFAULT NULL,
  `observacoes_fechamento` text DEFAULT NULL,
  PRIMARY KEY (`id`),
  KEY `usuario_id` (`usuario_id`),
  CONSTRAINT `fk_controle_caixa_usuarios` FOREIGN KEY (`usuario_id`) REFERENCES `usuarios` (`id`)
) ENGINE=InnoDB AUTO_INCREMENT=39 DEFAULT CHARSET=utf8mb4 COLLATE=utf8mb4_general_ci;

-- Copiando dados para a tabela platafo5_pdv.controle_caixa: ~18 rows (aproximadamente)
REPLACE INTO `controle_caixa` (`id`, `usuario_id`, `caixa_numero`, `data_abertura`, `data_fechamento`, `valor_inicial`, `valor_final`, `valor_sangrias`, `valor_vendas`, `valor_vendas_dinheiro`, `valor_vendas_pix`, `valor_vendas_cartao`, `status`, `observacoes`, `valor_dinheiro`, `valor_pix`, `valor_cartao`, `diferenca`, `observacoes_fechamento`) VALUES
	(21, 13, 12, '2025-06-12 15:09:10', '2025-06-12 15:09:20', 0.00, 0.00, 0.00, 0.00, 0.00, 0.00, 0.00, 'fechado', '', NULL, NULL, NULL, NULL, NULL),
	(22, 4, 20, '2025-06-12 15:10:58', '2025-06-12 15:13:30', 0.00, 104.00, 0.00, 26.00, 0.00, 26.00, 0.00, 'fechado', '', NULL, NULL, NULL, NULL, NULL),
	(23, 10, 11, '2025-06-12 15:23:08', '2025-06-12 15:51:00', 100.00, 5.00, 0.00, 5.00, 5.00, 0.00, 0.00, 'fechado', '', NULL, NULL, NULL, NULL, NULL),
	(24, 10, 11, '2025-06-12 15:53:54', '2025-06-12 16:05:39', 300.00, 5.00, 0.00, 0.00, 0.00, 0.00, 0.00, 'fechado', '', NULL, NULL, NULL, NULL, NULL),
	(25, 10, 11, '2025-06-12 16:06:45', NULL, 300.00, NULL, 0.00, 380.00, 0.00, 0.00, 0.00, 'aberto', '', NULL, NULL, NULL, NULL, NULL),
	(26, 4, 20, '2025-06-12 16:31:11', NULL, 0.00, NULL, 0.00, -4.00, 0.00, 0.00, 0.00, 'aberto', '', NULL, NULL, NULL, NULL, NULL),
	(27, 17, 5566, '2025-06-13 04:21:56', NULL, 0.00, NULL, 0.00, 3.00, 0.00, 0.00, 0.00, 'aberto', '', NULL, NULL, NULL, NULL, NULL),
	(28, 8, 8, '2025-06-13 18:22:58', NULL, 300.00, NULL, 0.00, 133.00, 0.00, 0.00, 0.00, 'aberto', '', NULL, NULL, NULL, NULL, NULL),
	(29, 12, 6, '2025-06-13 18:28:55', '2025-06-13 22:44:48', 300.00, 366.00, 0.00, 390.00, 384.00, 0.00, 6.00, 'fechado', '', NULL, NULL, NULL, NULL, NULL),
	(30, 1, 1, '2025-06-13 18:42:33', '2025-06-13 22:45:32', 0.00, 10159.00, 0.00, 2560.00, 0.00, 594.00, 1966.00, 'fechado', '', NULL, NULL, NULL, NULL, NULL),
	(31, 5, 9, '2025-06-13 18:46:39', NULL, 300.00, NULL, 0.00, 650.00, 0.00, 0.00, 0.00, 'aberto', '', NULL, NULL, NULL, NULL, NULL),
	(32, 3, 5, '2025-06-13 18:55:41', NULL, 300.00, NULL, 0.00, 380.00, 0.00, 0.00, 0.00, 'aberto', '', NULL, NULL, NULL, NULL, NULL),
	(33, 7, 7, '2025-06-13 18:57:34', NULL, 300.00, NULL, 0.00, 564.00, 0.00, 0.00, 0.00, 'aberto', '', NULL, NULL, NULL, NULL, NULL),
	(34, 15, 13, '2025-06-13 18:57:39', NULL, 0.00, NULL, 0.00, 2271.00, 0.00, 0.00, 0.00, 'aberto', '', NULL, NULL, NULL, NULL, NULL),
	(35, 14, 13, '2025-06-13 19:03:43', NULL, 0.00, NULL, 0.00, 1438.00, 0.00, 0.00, 0.00, 'aberto', '', NULL, NULL, NULL, NULL, NULL),
	(36, 6, 4, '2025-06-13 19:19:39', NULL, 300.00, NULL, 0.00, 245.00, 0.00, 0.00, 0.00, 'aberto', '', NULL, NULL, NULL, NULL, NULL),
	(37, 13, 12, '2025-06-13 19:23:51', NULL, 300.00, NULL, 0.00, 760.00, 0.00, 0.00, 0.00, 'aberto', '', NULL, NULL, NULL, NULL, NULL),
	(38, 2, 2, '2025-06-13 20:46:05', NULL, 0.00, NULL, 0.00, 762.00, 0.00, 0.00, 0.00, 'aberto', '', NULL, NULL, NULL, NULL, NULL);

-- Copiando estrutura para tabela platafo5_pdv.itens_venda
CREATE TABLE IF NOT EXISTS `itens_venda` (
  `id` int(11) NOT NULL AUTO_INCREMENT,
  `venda_id` int(11) DEFAULT NULL,
  `produto_id` int(11) DEFAULT NULL,
  `quantidade` int(11) DEFAULT NULL,
  `preco_unitario` decimal(10,2) DEFAULT NULL,
  PRIMARY KEY (`id`),
  KEY `venda_id` (`venda_id`),
  KEY `produto_id` (`produto_id`),
  CONSTRAINT `itens_venda_ibfk_1` FOREIGN KEY (`venda_id`) REFERENCES `vendas` (`id`),
  CONSTRAINT `itens_venda_ibfk_2` FOREIGN KEY (`produto_id`) REFERENCES `produtos` (`id`)
) ENGINE=InnoDB AUTO_INCREMENT=1246 DEFAULT CHARSET=utf8mb4 COLLATE=utf8mb4_general_ci;

-- Copiando dados para a tabela platafo5_pdv.itens_venda: ~1.081 rows (aproximadamente)
REPLACE INTO `itens_venda` (`id`, `venda_id`, `produto_id`, `quantidade`, `preco_unitario`) VALUES
	(165, 102, 16, 1, 6.00),
	(166, 103, 16, 1, 6.00),
	(167, 104, 22, 1, 10.00),
	(168, 105, 16, 1, 6.00),
	(169, 106, 16, 1, 6.00),
	(170, 107, 16, 1, 6.00),
	(171, 108, 22, 1, 10.00),
	(172, 109, 18, 1, 3.00),
	(173, 110, 20, 1, 2.00),
	(174, 111, 16, 1, 6.00),
	(175, 112, 24, 1, 10.00),
	(176, 113, 16, 1, 6.00),
	(177, 114, 15, 1, 7.00),
	(178, 114, 21, 1, 7.00),
	(179, 115, 20, 2, 2.00),
	(180, 115, 32, 1, 12.00),
	(181, 115, 21, 1, 7.00),
	(182, 115, 24, 1, 10.00),
	(183, 115, 14, 1, 10.00),
	(184, 116, 16, 1, 6.00),
	(185, 117, 16, 1, 6.00),
	(186, 118, 16, 1, 6.00),
	(187, 119, 16, 1, 6.00),
	(188, 120, 22, 1, 10.00),
	(189, 121, 16, 1, 6.00),
	(190, 122, 16, 1, 6.00),
	(191, 123, 22, 1, 10.00),
	(192, 124, 22, 1, 10.00),
	(193, 124, 14, 1, 10.00),
	(194, 124, 20, 2, 2.00),
	(195, 125, 18, 1, 3.00),
	(196, 125, 29, 2, 8.00),
	(197, 126, 12, 2, 6.00),
	(198, 126, 22, 1, 10.00),
	(199, 126, 14, 1, 10.00),
	(200, 127, 12, 1, 6.00),
	(201, 128, 22, 1, 10.00),
	(202, 128, 14, 3, 10.00),
	(203, 128, 21, 1, 7.00),
	(204, 128, 12, 1, 6.00),
	(205, 128, 16, 3, 6.00),
	(206, 129, 22, 1, 10.00),
	(207, 130, 32, 2, 12.00),
	(208, 130, 14, 1, 10.00),
	(209, 130, 24, 2, 10.00),
	(210, 130, 16, 2, 6.00),
	(211, 130, 12, 1, 6.00),
	(212, 130, 18, 2, 3.00),
	(213, 130, 23, 1, 5.00),
	(214, 131, 32, 1, 12.00),
	(215, 132, 32, 1, 12.00),
	(216, 133, 22, 1, 10.00),
	(217, 134, 20, 2, 2.00),
	(218, 135, 18, 1, 3.00),
	(219, 136, 12, 1, 6.00),
	(220, 137, 15, 1, 7.00),
	(221, 138, 15, 1, 7.00),
	(222, 139, 32, 1, 12.00),
	(223, 140, 16, 1, 6.00),
	(224, 141, 14, 1, 10.00),
	(225, 142, 14, 1, 10.00),
	(226, 143, 14, 1, 10.00),
	(227, 144, 14, 1, 10.00),
	(228, 145, 14, 1, 10.00),
	(229, 146, 14, 1, 10.00),
	(230, 147, 14, 1, 10.00),
	(231, 148, 14, 1, 10.00),
	(232, 149, 18, 2, 3.00),
	(233, 149, 31, 4, 10.00),
	(234, 149, 22, 1, 10.00),
	(235, 149, 32, 1, 12.00),
	(236, 149, 14, 1, 10.00),
	(237, 149, 12, 1, 6.00),
	(238, 150, 16, 1, 6.00),
	(239, 151, 16, 1, 6.00),
	(240, 152, 22, 1, 10.00),
	(241, 153, 32, 1, 12.00),
	(242, 153, 12, 1, 6.00),
	(243, 154, 16, 1, 6.00),
	(244, 155, 24, 1, 10.00),
	(245, 156, 16, 1, 6.00),
	(246, 157, 16, 1, 6.00),
	(247, 158, 16, 1, 6.00),
	(248, 159, 16, 1, 6.00),
	(249, 160, 16, 1, 6.00),
	(250, 161, 22, 1, 10.00),
	(251, 161, 14, 1, 10.00),
	(252, 162, 15, 1, 7.00),
	(253, 163, 20, 3, 2.00),
	(254, 163, 15, 2, 7.00),
	(255, 163, 32, 1, 12.00),
	(256, 163, 24, 2, 10.00),
	(257, 164, 22, 2, 10.00),
	(258, 164, 32, 2, 12.00),
	(259, 164, 21, 1, 7.00),
	(260, 164, 14, 1, 10.00),
	(261, 164, 15, 1, 7.00),
	(262, 164, 16, 2, 6.00),
	(263, 164, 24, 2, 10.00),
	(264, 164, 20, 4, 2.00),
	(265, 165, 12, 1, 6.00),
	(266, 165, 32, 1, 12.00),
	(267, 165, 22, 1, 10.00),
	(268, 165, 16, 1, 6.00),
	(269, 166, 21, 1, 7.00),
	(270, 166, 14, 2, 10.00),
	(271, 166, 24, 1, 10.00),
	(272, 166, 16, 3, 6.00),
	(273, 167, 15, 4, 7.00),
	(274, 167, 20, 4, 2.00),
	(275, 167, 23, 4, 5.00),
	(276, 168, 17, 1, 2.00),
	(277, 169, 14, 1, 10.00),
	(278, 169, 15, 1, 7.00),
	(279, 169, 12, 1, 6.00),
	(280, 169, 20, 1, 2.00),
	(281, 170, 22, 2, 10.00),
	(282, 170, 12, 1, 6.00),
	(283, 171, 18, 1, 3.00),
	(284, 172, 24, 1, 10.00),
	(285, 172, 22, 1, 10.00),
	(286, 172, 29, 1, 8.00),
	(287, 173, 14, 1, 10.00),
	(288, 174, 16, 2, 6.00),
	(289, 175, 32, 2, 12.00),
	(290, 175, 22, 3, 10.00),
	(291, 175, 15, 3, 7.00),
	(292, 175, 24, 3, 10.00),
	(293, 175, 16, 4, 6.00),
	(294, 175, 20, 4, 2.00),
	(295, 175, 12, 6, 6.00),
	(296, 175, 29, 5, 8.00),
	(297, 176, 14, 1, 10.00),
	(298, 177, 15, 1, 7.00),
	(299, 178, 14, 1, 10.00),
	(300, 179, 29, 3, 8.00),
	(301, 179, 24, 1, 10.00),
	(302, 179, 15, 1, 7.00),
	(303, 180, 15, 1, 7.00),
	(304, 181, 17, 1, 2.00),
	(305, 182, 12, 1, 6.00),
	(306, 182, 21, 1, 7.00),
	(307, 182, 15, 1, 7.00),
	(308, 183, 32, 2, 12.00),
	(309, 184, 22, 1, 10.00),
	(310, 185, 22, 2, 10.00),
	(311, 186, 32, 3, 12.00),
	(312, 187, 15, 2, 7.00),
	(313, 187, 16, 1, 6.00),
	(314, 187, 12, 1, 6.00),
	(315, 188, 23, 1, 5.00),
	(316, 189, 20, 2, 2.00),
	(317, 190, 23, 2, 5.00),
	(318, 191, 32, 1, 12.00),
	(319, 192, 29, 4, 8.00),
	(320, 192, 22, 1, 10.00),
	(321, 192, 32, 1, 12.00),
	(322, 192, 14, 2, 10.00),
	(323, 193, 27, 1, 7.00),
	(324, 193, 20, 1, 2.00),
	(325, 194, 12, 1, 6.00),
	(326, 195, 14, 1, 10.00),
	(327, 196, 25, 1, 5.00),
	(328, 197, 22, 1, 10.00),
	(329, 197, 24, 1, 10.00),
	(330, 197, 12, 2, 6.00),
	(331, 198, 15, 3, 7.00),
	(332, 199, 12, 3, 6.00),
	(333, 200, 15, 1, 7.00),
	(334, 201, 24, 1, 10.00),
	(335, 202, 21, 2, 7.00),
	(336, 202, 20, 1, 2.00),
	(337, 202, 24, 1, 10.00),
	(338, 202, 15, 1, 7.00),
	(339, 203, 14, 1, 10.00),
	(340, 204, 14, 1, 10.00),
	(341, 205, 22, 2, 10.00),
	(342, 206, 24, 1, 10.00),
	(343, 206, 22, 1, 10.00),
	(344, 206, 15, 1, 7.00),
	(345, 206, 27, 1, 7.00),
	(346, 206, 12, 1, 6.00),
	(347, 206, 17, 1, 2.00),
	(348, 207, 25, 1, 5.00),
	(349, 207, 15, 1, 7.00),
	(350, 208, 24, 1, 10.00),
	(351, 209, 21, 1, 7.00),
	(352, 210, 15, 1, 7.00),
	(353, 211, 24, 1, 10.00),
	(354, 212, 32, 1, 12.00),
	(355, 213, 20, 1, 2.00),
	(356, 213, 14, 1, 10.00),
	(357, 213, 23, 1, 5.00),
	(358, 214, 32, 2, 12.00),
	(359, 214, 29, 1, 8.00),
	(360, 215, 24, 3, 10.00),
	(361, 215, 20, 3, 2.00),
	(362, 216, 32, 2, 12.00),
	(363, 216, 22, 1, 10.00),
	(364, 216, 16, 2, 6.00),
	(365, 216, 21, 1, 7.00),
	(366, 216, 20, 1, 2.00),
	(367, 217, 32, 2, 12.00),
	(368, 218, 24, 2, 10.00),
	(369, 219, 12, 1, 6.00),
	(370, 220, 14, 2, 10.00),
	(371, 220, 20, 2, 2.00),
	(372, 221, 14, 2, 10.00),
	(373, 222, 20, 1, 2.00),
	(374, 223, 14, 1, 10.00),
	(375, 224, 15, 1, 7.00),
	(376, 225, 32, 1, 12.00),
	(377, 226, 22, 1, 10.00),
	(378, 227, 25, 1, 5.00),
	(379, 227, 23, 3, 5.00),
	(380, 227, 24, 1, 10.00),
	(381, 227, 14, 1, 10.00),
	(382, 227, 20, 2, 2.00),
	(383, 227, 12, 1, 6.00),
	(384, 227, 28, 2, 7.00),
	(385, 228, 21, 2, 7.00),
	(386, 229, 16, 2, 6.00),
	(387, 230, 24, 2, 10.00),
	(388, 231, 25, 3, 5.00),
	(389, 232, 16, 1, 6.00),
	(390, 233, 14, 1, 10.00),
	(391, 234, 20, 5, 2.00),
	(392, 235, 21, 3, 7.00),
	(393, 236, 22, 1, 10.00),
	(394, 236, 16, 3, 6.00),
	(395, 237, 15, 1, 7.00),
	(396, 238, 22, 1, 10.00),
	(397, 239, 22, 1, 10.00),
	(398, 240, 18, 1, 3.00),
	(399, 241, 22, 1, 10.00),
	(400, 242, 24, 1, 10.00),
	(401, 243, 32, 1, 12.00),
	(402, 243, 24, 1, 10.00),
	(403, 243, 15, 1, 7.00),
	(404, 243, 12, 2, 6.00),
	(405, 244, 14, 1, 10.00),
	(406, 245, 24, 1, 10.00),
	(407, 246, 17, 1, 2.00),
	(408, 247, 14, 1, 10.00),
	(409, 247, 32, 1, 12.00),
	(410, 247, 12, 1, 6.00),
	(411, 248, 12, 1, 6.00),
	(412, 249, 16, 1, 6.00),
	(413, 250, 23, 1, 5.00),
	(414, 251, 22, 1, 10.00),
	(415, 251, 32, 1, 12.00),
	(416, 251, 14, 1, 10.00),
	(417, 251, 15, 1, 7.00),
	(418, 251, 20, 1, 2.00),
	(419, 251, 12, 2, 6.00),
	(420, 251, 16, 1, 6.00),
	(421, 252, 15, 1, 7.00),
	(422, 252, 20, 1, 2.00),
	(423, 253, 12, 1, 6.00),
	(424, 254, 32, 1, 12.00),
	(425, 254, 31, 2, 10.00),
	(426, 254, 12, 1, 6.00),
	(427, 254, 24, 1, 10.00),
	(428, 254, 15, 1, 7.00),
	(429, 255, 32, 2, 12.00),
	(430, 255, 24, 1, 10.00),
	(431, 255, 12, 3, 6.00),
	(432, 256, 24, 1, 10.00),
	(433, 256, 15, 1, 7.00),
	(434, 256, 12, 1, 6.00),
	(435, 257, 22, 1, 10.00),
	(436, 258, 32, 2, 12.00),
	(437, 258, 22, 1, 10.00),
	(438, 259, 22, 2, 10.00),
	(439, 260, 21, 7, 7.00),
	(440, 261, 22, 1, 10.00),
	(441, 262, 23, 2, 5.00),
	(442, 263, 12, 1, 6.00),
	(443, 264, 15, 1, 7.00),
	(444, 265, 16, 3, 6.00),
	(445, 266, 12, 3, 6.00),
	(446, 266, 14, 2, 10.00),
	(447, 266, 32, 1, 12.00),
	(448, 266, 16, 2, 6.00),
	(449, 267, 16, 1, 6.00),
	(450, 268, 16, 1, 6.00),
	(451, 269, 22, 1, 10.00),
	(452, 270, 32, 1, 12.00),
	(453, 271, 17, 1, 2.00),
	(454, 271, 20, 1, 2.00),
	(455, 271, 15, 1, 7.00),
	(456, 271, 22, 1, 10.00),
	(457, 272, 14, 1, 10.00),
	(458, 273, 32, 2, 12.00),
	(459, 274, 32, 1, 12.00),
	(460, 274, 20, 1, 2.00),
	(461, 275, 14, 1, 10.00),
	(462, 276, 29, 2, 8.00),
	(463, 277, 14, 3, 10.00),
	(464, 278, 24, 1, 10.00),
	(465, 279, 14, 1, 10.00),
	(466, 280, 20, 2, 2.00),
	(467, 280, 12, 1, 6.00),
	(468, 280, 24, 1, 10.00),
	(469, 280, 21, 1, 7.00),
	(470, 280, 15, 1, 7.00),
	(471, 281, 14, 2, 10.00),
	(472, 282, 24, 1, 10.00),
	(473, 283, 23, 1, 5.00),
	(474, 284, 22, 2, 10.00),
	(475, 284, 15, 1, 7.00),
	(476, 284, 12, 1, 6.00),
	(477, 285, 15, 1, 7.00),
	(478, 285, 20, 1, 2.00),
	(479, 286, 15, 1, 7.00),
	(480, 287, 24, 1, 10.00),
	(481, 288, 20, 3, 2.00),
	(482, 289, 12, 1, 6.00),
	(483, 290, 14, 3, 10.00),
	(484, 290, 15, 1, 7.00),
	(485, 290, 22, 1, 10.00),
	(486, 290, 20, 3, 2.00),
	(487, 291, 14, 3, 10.00),
	(488, 292, 20, 2, 2.00),
	(489, 293, 14, 1, 10.00),
	(490, 294, 32, 1, 12.00),
	(491, 295, 14, 1, 10.00),
	(492, 296, 21, 1, 7.00),
	(493, 297, 22, 1, 10.00),
	(494, 298, 32, 1, 12.00),
	(495, 299, 14, 1, 10.00),
	(496, 300, 32, 1, 12.00),
	(497, 300, 24, 1, 10.00),
	(498, 300, 17, 1, 2.00),
	(499, 301, 23, 2, 5.00),
	(500, 302, 22, 4, 10.00),
	(501, 302, 14, 1, 10.00),
	(502, 303, 14, 3, 10.00),
	(503, 303, 21, 1, 7.00),
	(504, 303, 31, 1, 10.00),
	(505, 303, 12, 1, 6.00),
	(506, 304, 23, 2, 5.00),
	(507, 305, 15, 1, 7.00),
	(508, 305, 14, 1, 10.00),
	(509, 305, 32, 1, 12.00),
	(510, 305, 20, 2, 2.00),
	(511, 305, 28, 1, 7.00),
	(512, 306, 22, 1, 10.00),
	(513, 307, 15, 1, 7.00),
	(514, 308, 14, 1, 10.00),
	(515, 309, 12, 1, 6.00),
	(516, 309, 20, 1, 2.00),
	(517, 309, 23, 2, 5.00),
	(518, 309, 32, 2, 12.00),
	(519, 309, 24, 1, 10.00),
	(520, 309, 14, 1, 10.00),
	(521, 310, 25, 4, 5.00),
	(522, 311, 24, 1, 10.00),
	(523, 312, 15, 1, 7.00),
	(524, 313, 12, 3, 6.00),
	(525, 314, 20, 1, 2.00),
	(526, 315, 14, 1, 10.00),
	(527, 315, 17, 1, 2.00),
	(528, 315, 20, 2, 2.00),
	(529, 316, 24, 1, 10.00),
	(530, 316, 32, 1, 12.00),
	(531, 316, 20, 2, 2.00),
	(532, 316, 16, 1, 6.00),
	(533, 317, 14, 1, 10.00),
	(534, 318, 32, 1, 12.00),
	(535, 319, 16, 1, 6.00),
	(536, 320, 16, 1, 6.00),
	(537, 321, 24, 2, 10.00),
	(538, 322, 23, 2, 5.00),
	(539, 323, 17, 1, 2.00),
	(540, 324, 24, 1, 10.00),
	(541, 324, 14, 1, 10.00),
	(542, 324, 15, 1, 7.00),
	(543, 324, 20, 2, 2.00),
	(544, 324, 16, 3, 6.00),
	(545, 324, 23, 3, 5.00),
	(546, 324, 18, 1, 3.00),
	(547, 325, 32, 1, 12.00),
	(548, 325, 24, 2, 10.00),
	(549, 325, 15, 1, 7.00),
	(550, 325, 12, 1, 6.00),
	(551, 325, 20, 1, 2.00),
	(552, 325, 17, 2, 2.00),
	(553, 325, 16, 2, 6.00),
	(554, 326, 15, 1, 7.00),
	(555, 327, 14, 1, 10.00),
	(556, 328, 12, 1, 6.00),
	(557, 328, 25, 2, 5.00),
	(558, 328, 14, 3, 10.00),
	(559, 329, 12, 1, 6.00),
	(560, 329, 32, 1, 12.00),
	(561, 329, 21, 1, 7.00),
	(562, 330, 22, 1, 10.00),
	(563, 330, 24, 1, 10.00),
	(564, 330, 15, 1, 7.00),
	(565, 330, 16, 2, 6.00),
	(566, 330, 20, 1, 2.00),
	(567, 330, 25, 2, 5.00),
	(568, 331, 14, 1, 10.00),
	(569, 332, 14, 2, 10.00),
	(570, 332, 12, 1, 6.00),
	(571, 333, 29, 1, 8.00),
	(572, 334, 22, 1, 10.00),
	(573, 334, 14, 1, 10.00),
	(574, 334, 27, 1, 7.00),
	(575, 334, 16, 1, 6.00),
	(576, 335, 15, 1, 7.00),
	(577, 336, 22, 1, 10.00),
	(578, 337, 14, 3, 10.00),
	(579, 337, 22, 1, 10.00),
	(580, 337, 12, 1, 6.00),
	(581, 338, 15, 1, 7.00),
	(582, 339, 21, 1, 7.00),
	(583, 339, 15, 1, 7.00),
	(584, 339, 12, 1, 6.00),
	(585, 340, 20, 2, 2.00),
	(586, 340, 21, 1, 7.00),
	(587, 340, 22, 1, 10.00),
	(588, 340, 24, 1, 10.00),
	(589, 340, 15, 1, 7.00),
	(590, 340, 16, 1, 6.00),
	(591, 341, 14, 1, 10.00),
	(592, 342, 14, 1, 10.00),
	(593, 343, 14, 1, 10.00),
	(594, 344, 15, 1, 7.00),
	(595, 345, 14, 1, 10.00),
	(596, 346, 14, 1, 10.00),
	(597, 347, 12, 2, 6.00),
	(598, 348, 22, 2, 10.00),
	(599, 348, 24, 1, 10.00),
	(600, 348, 31, 2, 10.00),
	(601, 348, 17, 2, 2.00),
	(602, 348, 20, 2, 2.00),
	(603, 349, 22, 1, 10.00),
	(604, 350, 20, 1, 2.00),
	(605, 351, 12, 2, 6.00),
	(606, 352, 14, 1, 10.00),
	(607, 352, 22, 1, 10.00),
	(608, 352, 12, 1, 6.00),
	(609, 353, 16, 1, 6.00),
	(610, 354, 14, 2, 10.00),
	(611, 355, 16, 1, 6.00),
	(612, 356, 16, 1, 6.00),
	(613, 357, 14, 1, 10.00),
	(614, 357, 32, 1, 12.00),
	(615, 357, 16, 2, 6.00),
	(616, 357, 20, 1, 2.00),
	(617, 358, 24, 1, 10.00),
	(618, 358, 22, 1, 10.00),
	(619, 358, 14, 1, 10.00),
	(620, 358, 12, 2, 6.00),
	(621, 359, 15, 2, 7.00),
	(622, 360, 14, 1, 10.00),
	(623, 361, 14, 1, 10.00),
	(624, 362, 12, 1, 6.00),
	(625, 362, 15, 2, 7.00),
	(626, 362, 16, 1, 6.00),
	(627, 363, 22, 1, 10.00),
	(628, 364, 32, 1, 12.00),
	(629, 365, 22, 1, 10.00),
	(630, 366, 32, 1, 12.00),
	(631, 367, 12, 1, 6.00),
	(632, 368, 15, 2, 7.00),
	(633, 368, 16, 1, 6.00),
	(634, 368, 20, 3, 2.00),
	(635, 369, 24, 2, 10.00),
	(636, 369, 15, 1, 7.00),
	(637, 370, 23, 4, 5.00),
	(638, 371, 27, 1, 7.00),
	(639, 372, 32, 2, 12.00),
	(640, 372, 12, 1, 6.00),
	(641, 373, 20, 1, 2.00),
	(642, 374, 15, 1, 7.00),
	(643, 374, 23, 1, 5.00),
	(644, 375, 20, 1, 2.00),
	(645, 376, 15, 1, 7.00),
	(646, 377, 23, 1, 5.00),
	(647, 378, 12, 1, 6.00),
	(648, 378, 24, 1, 10.00),
	(649, 379, 21, 1, 7.00),
	(650, 379, 20, 1, 2.00),
	(651, 380, 20, 1, 2.00),
	(652, 381, 23, 4, 5.00),
	(653, 382, 20, 2, 2.00),
	(654, 383, 14, 3, 10.00),
	(655, 383, 12, 1, 6.00),
	(656, 384, 20, 1, 2.00),
	(657, 385, 15, 3, 7.00),
	(658, 386, 21, 1, 7.00),
	(659, 386, 32, 1, 12.00),
	(660, 386, 18, 1, 3.00),
	(661, 386, 14, 1, 10.00),
	(662, 387, 14, 1, 10.00),
	(663, 387, 20, 2, 2.00),
	(664, 387, 16, 1, 6.00),
	(665, 388, 14, 1, 10.00),
	(666, 388, 20, 1, 2.00),
	(667, 389, 22, 1, 10.00),
	(668, 390, 24, 1, 10.00),
	(669, 391, 29, 4, 8.00),
	(670, 391, 12, 1, 6.00),
	(671, 392, 14, 1, 10.00),
	(672, 393, 15, 2, 7.00),
	(673, 393, 22, 2, 10.00),
	(674, 393, 14, 1, 10.00),
	(675, 393, 23, 1, 5.00),
	(676, 394, 16, 3, 6.00),
	(677, 395, 14, 2, 10.00),
	(678, 395, 20, 1, 2.00),
	(679, 395, 12, 1, 6.00),
	(680, 395, 28, 1, 7.00),
	(681, 395, 22, 1, 10.00),
	(682, 395, 16, 1, 6.00),
	(683, 396, 24, 1, 10.00),
	(684, 397, 16, 1, 6.00),
	(685, 398, 16, 1, 6.00),
	(686, 399, 12, 2, 6.00),
	(687, 400, 14, 1, 10.00),
	(688, 401, 14, 1, 10.00),
	(689, 402, 14, 1, 10.00),
	(690, 403, 24, 2, 10.00),
	(691, 404, 22, 1, 10.00),
	(692, 404, 15, 1, 7.00),
	(693, 404, 21, 2, 7.00),
	(694, 404, 14, 2, 10.00),
	(695, 404, 20, 6, 2.00),
	(696, 405, 32, 1, 12.00),
	(697, 405, 14, 1, 10.00),
	(698, 405, 21, 1, 7.00),
	(699, 405, 12, 1, 6.00),
	(700, 406, 15, 1, 7.00),
	(701, 407, 14, 1, 10.00),
	(702, 408, 18, 1, 3.00),
	(703, 409, 14, 1, 10.00),
	(704, 410, 14, 1, 10.00),
	(705, 411, 15, 1, 7.00),
	(706, 411, 14, 1, 10.00),
	(707, 411, 20, 2, 2.00),
	(708, 412, 16, 1, 6.00),
	(709, 413, 14, 3, 10.00),
	(710, 413, 15, 1, 7.00),
	(711, 413, 12, 3, 6.00),
	(712, 414, 16, 1, 6.00),
	(713, 415, 16, 1, 6.00),
	(714, 416, 16, 1, 6.00),
	(715, 417, 16, 1, 6.00),
	(716, 418, 16, 1, 6.00),
	(717, 419, 16, 1, 6.00),
	(718, 420, 16, 1, 6.00),
	(719, 421, 16, 1, 6.00),
	(720, 422, 16, 1, 6.00),
	(721, 423, 15, 4, 7.00),
	(722, 423, 20, 4, 2.00),
	(723, 423, 28, 2, 7.00),
	(724, 423, 32, 2, 12.00),
	(725, 423, 23, 2, 5.00),
	(726, 424, 20, 2, 2.00),
	(727, 424, 12, 2, 6.00),
	(728, 424, 23, 4, 5.00),
	(729, 424, 14, 3, 10.00),
	(730, 424, 15, 1, 7.00),
	(731, 425, 14, 1, 10.00),
	(732, 425, 20, 1, 2.00),
	(733, 426, 15, 1, 7.00),
	(734, 427, 15, 2, 7.00),
	(735, 427, 16, 2, 6.00),
	(736, 427, 12, 1, 6.00),
	(737, 428, 21, 1, 7.00),
	(738, 428, 15, 2, 7.00),
	(739, 428, 12, 1, 6.00),
	(740, 428, 20, 1, 2.00),
	(741, 428, 24, 1, 10.00),
	(742, 429, 15, 1, 7.00),
	(743, 430, 32, 1, 12.00),
	(744, 430, 28, 1, 7.00),
	(745, 430, 12, 1, 6.00),
	(746, 430, 22, 1, 10.00),
	(747, 431, 20, 2, 2.00),
	(748, 432, 32, 1, 12.00),
	(749, 433, 14, 1, 10.00),
	(750, 434, 16, 1, 6.00),
	(751, 435, 12, 1, 6.00),
	(752, 436, 21, 1, 7.00),
	(753, 436, 12, 1, 6.00),
	(754, 437, 20, 1, 2.00),
	(755, 438, 16, 1, 6.00),
	(756, 438, 12, 1, 6.00),
	(757, 439, 22, 1, 10.00),
	(758, 439, 24, 1, 10.00),
	(759, 439, 23, 1, 5.00),
	(760, 440, 15, 1, 7.00),
	(761, 440, 23, 1, 5.00),
	(762, 441, 14, 1, 10.00),
	(763, 442, 24, 2, 10.00),
	(764, 443, 14, 1, 10.00),
	(765, 444, 23, 1, 5.00),
	(766, 445, 24, 1, 10.00),
	(767, 446, 22, 1, 10.00),
	(768, 447, 14, 1, 10.00),
	(769, 448, 14, 4, 10.00),
	(770, 448, 29, 2, 8.00),
	(771, 448, 12, 2, 6.00),
	(772, 448, 15, 2, 7.00),
	(773, 449, 32, 1, 12.00),
	(774, 450, 15, 1, 7.00),
	(775, 450, 12, 2, 6.00),
	(776, 450, 23, 2, 5.00),
	(777, 451, 22, 1, 10.00),
	(778, 451, 15, 1, 7.00),
	(779, 451, 29, 4, 8.00),
	(780, 452, 14, 2, 10.00),
	(781, 452, 15, 2, 7.00),
	(782, 452, 20, 2, 2.00),
	(783, 453, 12, 1, 6.00),
	(784, 453, 14, 1, 10.00),
	(785, 454, 32, 1, 12.00),
	(786, 454, 14, 1, 10.00),
	(787, 454, 20, 2, 2.00),
	(788, 455, 27, 1, 7.00),
	(789, 456, 24, 2, 10.00),
	(790, 456, 22, 2, 10.00),
	(791, 456, 15, 4, 7.00),
	(792, 456, 12, 4, 6.00),
	(793, 456, 20, 6, 2.00),
	(794, 457, 22, 1, 10.00),
	(795, 458, 20, 2, 2.00),
	(796, 458, 12, 2, 6.00),
	(797, 458, 29, 3, 8.00),
	(798, 459, 12, 1, 6.00),
	(799, 460, 14, 1, 10.00),
	(800, 460, 20, 1, 2.00),
	(801, 461, 12, 1, 6.00),
	(802, 462, 20, 2, 2.00),
	(803, 463, 23, 1, 5.00),
	(804, 463, 25, 1, 5.00),
	(805, 464, 14, 2, 10.00),
	(806, 464, 20, 1, 2.00),
	(807, 465, 20, 1, 2.00),
	(808, 465, 15, 1, 7.00),
	(809, 465, 14, 1, 10.00),
	(810, 465, 16, 1, 6.00),
	(811, 465, 32, 1, 12.00),
	(812, 466, 23, 1, 5.00),
	(813, 467, 15, 1, 7.00),
	(814, 467, 12, 1, 6.00),
	(815, 468, 15, 1, 7.00),
	(816, 468, 24, 1, 10.00),
	(817, 468, 22, 1, 10.00),
	(818, 468, 29, 2, 8.00),
	(819, 469, 14, 1, 10.00),
	(820, 470, 20, 1, 2.00),
	(821, 471, 22, 1, 10.00),
	(822, 472, 14, 1, 10.00),
	(823, 473, 24, 1, 10.00),
	(824, 474, 31, 2, 10.00),
	(825, 474, 24, 1, 10.00),
	(826, 474, 32, 1, 12.00),
	(827, 475, 12, 1, 6.00),
	(828, 476, 24, 1, 10.00),
	(829, 476, 20, 1, 2.00),
	(830, 477, 32, 1, 12.00),
	(831, 478, 22, 3, 10.00),
	(832, 478, 16, 1, 6.00),
	(833, 478, 12, 1, 6.00),
	(834, 479, 32, 1, 12.00),
	(835, 480, 24, 1, 10.00),
	(836, 481, 12, 2, 6.00),
	(837, 481, 20, 2, 2.00),
	(838, 481, 16, 2, 6.00),
	(839, 481, 24, 2, 10.00),
	(840, 481, 14, 2, 10.00),
	(841, 481, 15, 1, 7.00),
	(842, 482, 20, 1, 2.00),
	(843, 483, 20, 1, 2.00),
	(844, 484, 20, 1, 2.00),
	(845, 485, 20, 1, 2.00),
	(846, 486, 23, 1, 5.00),
	(847, 487, 20, 1, 2.00),
	(848, 488, 31, 1, 10.00),
	(849, 488, 22, 1, 10.00),
	(850, 489, 14, 1, 10.00),
	(851, 490, 14, 1, 10.00),
	(852, 490, 12, 1, 6.00),
	(853, 491, 24, 1, 10.00),
	(854, 492, 22, 2, 10.00),
	(855, 493, 32, 2, 12.00),
	(856, 494, 25, 1, 5.00),
	(857, 494, 23, 1, 5.00),
	(858, 495, 15, 1, 7.00),
	(859, 496, 17, 1, 2.00),
	(860, 497, 24, 1, 10.00),
	(861, 497, 15, 1, 7.00),
	(862, 497, 21, 2, 7.00),
	(863, 497, 20, 2, 2.00),
	(864, 497, 16, 2, 6.00),
	(865, 498, 32, 1, 12.00),
	(866, 499, 32, 1, 12.00),
	(867, 500, 12, 1, 6.00),
	(868, 501, 15, 1, 7.00),
	(869, 501, 20, 2, 2.00),
	(870, 502, 23, 2, 5.00),
	(871, 503, 12, 2, 6.00),
	(872, 504, 32, 1, 12.00),
	(873, 504, 12, 1, 6.00),
	(874, 505, 21, 5, 7.00),
	(875, 506, 12, 1, 6.00),
	(876, 506, 21, 1, 7.00),
	(877, 507, 32, 2, 12.00),
	(878, 508, 21, 2, 7.00),
	(879, 509, 28, 1, 7.00),
	(880, 510, 12, 1, 6.00),
	(881, 510, 32, 2, 12.00),
	(882, 511, 28, 1, 7.00),
	(883, 511, 24, 1, 10.00),
	(884, 512, 15, 1, 7.00),
	(885, 513, 15, 1, 7.00),
	(886, 514, 22, 2, 10.00),
	(887, 514, 32, 1, 12.00),
	(888, 514, 12, 1, 6.00),
	(889, 514, 29, 1, 8.00),
	(890, 514, 24, 1, 10.00),
	(891, 515, 14, 1, 10.00),
	(892, 516, 14, 2, 10.00),
	(893, 516, 24, 1, 10.00),
	(894, 516, 32, 1, 12.00),
	(895, 517, 31, 2, 10.00),
	(896, 517, 28, 1, 7.00),
	(897, 518, 23, 1, 5.00),
	(898, 519, 12, 1, 6.00),
	(899, 520, 32, 2, 12.00),
	(900, 521, 29, 3, 8.00),
	(901, 522, 14, 1, 10.00),
	(902, 523, 22, 1, 10.00),
	(903, 523, 20, 2, 2.00),
	(904, 523, 15, 1, 7.00),
	(905, 523, 24, 2, 10.00),
	(906, 524, 24, 1, 10.00),
	(907, 525, 32, 1, 12.00),
	(908, 526, 24, 1, 10.00),
	(909, 526, 15, 1, 7.00),
	(910, 526, 20, 1, 2.00),
	(911, 527, 23, 2, 5.00),
	(912, 528, 21, 2, 7.00),
	(913, 528, 20, 2, 2.00),
	(914, 529, 23, 1, 5.00),
	(915, 530, 24, 1, 10.00),
	(916, 531, 12, 1, 6.00),
	(917, 532, 23, 1, 5.00),
	(918, 533, 27, 1, 7.00),
	(919, 534, 15, 1, 7.00),
	(920, 535, 24, 2, 10.00),
	(921, 536, 21, 2, 7.00),
	(922, 536, 20, 2, 2.00),
	(923, 537, 25, 2, 5.00),
	(924, 538, 20, 1, 2.00),
	(925, 539, 23, 1, 5.00),
	(926, 540, 22, 1, 10.00),
	(927, 541, 25, 1, 5.00),
	(928, 541, 23, 1, 5.00),
	(929, 542, 14, 1, 10.00),
	(930, 543, 24, 1, 10.00),
	(931, 544, 29, 2, 8.00),
	(932, 545, 20, 2, 2.00),
	(933, 546, 14, 1, 10.00),
	(934, 546, 22, 1, 10.00),
	(935, 546, 12, 1, 6.00),
	(936, 547, 29, 2, 8.00),
	(937, 548, 23, 1, 5.00),
	(938, 549, 20, 1, 2.00),
	(939, 550, 24, 1, 10.00),
	(940, 550, 12, 1, 6.00),
	(941, 551, 14, 1, 10.00),
	(942, 552, 29, 3, 8.00),
	(943, 553, 12, 1, 6.00),
	(944, 554, 21, 1, 7.00),
	(945, 554, 20, 1, 2.00),
	(946, 555, 23, 1, 5.00),
	(947, 556, 23, 4, 5.00),
	(948, 556, 12, 1, 6.00),
	(949, 557, 20, 1, 2.00),
	(950, 557, 14, 1, 10.00),
	(951, 558, 23, 1, 5.00),
	(952, 559, 16, 1, 6.00),
	(953, 560, 16, 1, 6.00),
	(954, 561, 24, 1, 10.00),
	(955, 562, 16, 1, 6.00),
	(956, 563, 23, 1, 5.00),
	(957, 564, 20, 1, 2.00),
	(958, 565, 15, 1, 7.00),
	(959, 565, 12, 1, 6.00),
	(960, 566, 31, 1, 10.00),
	(961, 567, 15, 1, 7.00),
	(962, 568, 31, 2, 10.00),
	(963, 568, 24, 1, 10.00),
	(964, 569, 25, 1, 5.00),
	(965, 570, 23, 3, 5.00),
	(966, 570, 24, 2, 10.00),
	(967, 570, 20, 1, 2.00),
	(968, 571, 22, 1, 10.00),
	(969, 572, 14, 1, 10.00),
	(970, 573, 15, 1, 7.00),
	(971, 574, 22, 1, 10.00),
	(972, 575, 22, 1, 10.00),
	(973, 576, 12, 1, 6.00),
	(974, 576, 14, 1, 10.00),
	(975, 577, 20, 1, 2.00),
	(976, 577, 24, 1, 10.00),
	(977, 578, 23, 3, 5.00),
	(978, 579, 32, 1, 12.00),
	(979, 579, 18, 1, 3.00),
	(980, 580, 14, 1, 10.00),
	(981, 581, 14, 1, 10.00),
	(982, 582, 23, 1, 5.00),
	(983, 583, 16, 2, 6.00),
	(984, 583, 15, 1, 7.00),
	(985, 583, 24, 1, 10.00),
	(986, 583, 23, 2, 5.00),
	(987, 583, 21, 1, 7.00),
	(988, 583, 20, 3, 2.00),
	(989, 584, 15, 1, 7.00),
	(990, 585, 14, 2, 10.00),
	(991, 585, 20, 1, 2.00),
	(992, 585, 16, 1, 6.00),
	(993, 586, 16, 2, 6.00),
	(994, 587, 23, 2, 5.00),
	(995, 588, 23, 1, 5.00),
	(996, 589, 14, 1, 10.00),
	(997, 589, 20, 1, 2.00),
	(998, 589, 22, 1, 10.00),
	(999, 590, 16, 1, 6.00),
	(1000, 591, 22, 1, 10.00),
	(1001, 592, 16, 1, 6.00),
	(1002, 593, 32, 1, 12.00),
	(1003, 594, 23, 1, 5.00),
	(1004, 595, 29, 1, 8.00),
	(1005, 595, 12, 1, 6.00),
	(1006, 595, 22, 1, 10.00),
	(1007, 595, 15, 1, 7.00),
	(1008, 596, 15, 1, 7.00),
	(1009, 597, 12, 1, 6.00),
	(1010, 597, 15, 2, 7.00),
	(1011, 598, 32, 1, 12.00),
	(1012, 599, 24, 1, 10.00),
	(1013, 600, 28, 1, 7.00),
	(1014, 601, 23, 1, 5.00),
	(1015, 601, 16, 1, 6.00),
	(1016, 602, 29, 1, 8.00),
	(1017, 603, 20, 1, 2.00),
	(1018, 603, 12, 1, 6.00),
	(1019, 603, 24, 2, 10.00),
	(1020, 604, 31, 1, 10.00),
	(1021, 605, 14, 1, 10.00),
	(1022, 605, 15, 1, 7.00),
	(1023, 606, 21, 1, 7.00),
	(1024, 607, 14, 1, 10.00),
	(1025, 607, 29, 1, 8.00),
	(1026, 608, 22, 1, 10.00),
	(1027, 608, 24, 1, 10.00),
	(1028, 608, 18, 1, 3.00),
	(1029, 609, 14, 2, 10.00),
	(1030, 609, 17, 1, 2.00),
	(1031, 609, 28, 1, 7.00),
	(1032, 610, 12, 1, 6.00),
	(1033, 611, 25, 3, 5.00),
	(1034, 612, 15, 1, 7.00),
	(1035, 613, 25, 1, 5.00),
	(1036, 614, 32, 1, 12.00),
	(1037, 614, 29, 1, 8.00),
	(1038, 614, 12, 1, 6.00),
	(1039, 614, 24, 1, 10.00),
	(1040, 614, 16, 1, 6.00),
	(1041, 615, 14, 1, 10.00),
	(1042, 615, 28, 1, 7.00),
	(1043, 616, 21, 2, 7.00),
	(1044, 617, 15, 1, 7.00),
	(1045, 617, 24, 1, 10.00),
	(1046, 618, 15, 1, 7.00),
	(1047, 619, 20, 2, 2.00),
	(1048, 620, 29, 2, 8.00),
	(1049, 620, 24, 1, 10.00),
	(1050, 620, 15, 1, 7.00),
	(1051, 620, 14, 1, 10.00),
	(1052, 621, 15, 1, 7.00),
	(1053, 622, 20, 1, 2.00),
	(1054, 623, 14, 1, 10.00),
	(1055, 624, 14, 1, 10.00),
	(1056, 625, 14, 1, 10.00),
	(1057, 626, 14, 1, 10.00),
	(1058, 627, 14, 1, 10.00),
	(1059, 628, 14, 1, 10.00),
	(1060, 629, 29, 2, 8.00),
	(1061, 630, 28, 2, 7.00),
	(1062, 630, 12, 1, 6.00),
	(1063, 631, 20, 2, 2.00),
	(1064, 632, 20, 1, 2.00),
	(1065, 632, 14, 1, 10.00),
	(1066, 632, 15, 1, 7.00),
	(1067, 633, 24, 1, 10.00),
	(1068, 634, 15, 2, 7.00),
	(1069, 635, 20, 2, 2.00),
	(1070, 636, 14, 1, 10.00),
	(1071, 637, 14, 1, 10.00),
	(1072, 638, 14, 1, 10.00),
	(1073, 639, 14, 1, 10.00),
	(1074, 640, 24, 2, 10.00),
	(1075, 640, 15, 1, 7.00),
	(1076, 640, 14, 1, 10.00),
	(1077, 641, 31, 1, 10.00),
	(1078, 642, 12, 1, 6.00),
	(1079, 642, 14, 2, 10.00),
	(1080, 643, 14, 1, 10.00),
	(1081, 643, 16, 1, 6.00),
	(1082, 643, 20, 3, 2.00),
	(1083, 644, 14, 1, 10.00),
	(1084, 645, 14, 1, 10.00),
	(1085, 646, 23, 2, 5.00),
	(1086, 647, 29, 2, 8.00),
	(1087, 648, 14, 1, 10.00),
	(1088, 649, 12, 2, 6.00),
	(1089, 650, 32, 1, 12.00),
	(1090, 651, 14, 2, 10.00),
	(1091, 652, 29, 1, 8.00),
	(1092, 652, 20, 1, 2.00),
	(1093, 653, 12, 1, 6.00),
	(1094, 654, 14, 3, 10.00),
	(1095, 655, 14, 1, 10.00),
	(1096, 656, 14, 1, 10.00),
	(1097, 657, 14, 1, 10.00),
	(1098, 658, 20, 2, 2.00),
	(1099, 659, 22, 1, 10.00),
	(1100, 659, 12, 1, 6.00),
	(1101, 660, 16, 1, 6.00),
	(1102, 661, 25, 2, 5.00),
	(1103, 662, 29, 1, 8.00),
	(1104, 662, 20, 1, 2.00),
	(1105, 663, 16, 1, 6.00),
	(1106, 664, 20, 1, 2.00),
	(1107, 665, 15, 1, 7.00),
	(1108, 666, 21, 1, 7.00),
	(1109, 666, 14, 3, 10.00),
	(1110, 666, 18, 1, 3.00),
	(1111, 667, 20, 2, 2.00),
	(1112, 668, 18, 1, 3.00),
	(1113, 669, 14, 1, 10.00),
	(1114, 670, 23, 1, 5.00),
	(1115, 671, 14, 1, 10.00),
	(1116, 672, 24, 3, 10.00),
	(1117, 673, 25, 4, 5.00),
	(1118, 674, 24, 1, 10.00),
	(1119, 675, 20, 1, 2.00),
	(1120, 676, 15, 1, 7.00),
	(1121, 677, 15, 1, 7.00),
	(1122, 678, 14, 1, 10.00),
	(1123, 679, 24, 1, 10.00),
	(1124, 680, 14, 1, 10.00),
	(1125, 681, 16, 1, 6.00),
	(1126, 681, 14, 1, 10.00),
	(1127, 681, 12, 1, 6.00),
	(1128, 682, 15, 1, 7.00),
	(1129, 683, 12, 2, 6.00),
	(1130, 684, 20, 2, 2.00),
	(1131, 685, 24, 1, 10.00),
	(1132, 686, 20, 2, 2.00),
	(1133, 687, 22, 1, 10.00),
	(1134, 687, 14, 2, 10.00),
	(1135, 688, 17, 1, 2.00),
	(1136, 689, 32, 1, 12.00),
	(1137, 690, 22, 1, 10.00),
	(1138, 691, 31, 1, 10.00),
	(1139, 692, 32, 1, 12.00),
	(1140, 693, 12, 1, 6.00),
	(1141, 694, 14, 1, 10.00),
	(1142, 694, 16, 1, 6.00),
	(1143, 694, 12, 1, 6.00),
	(1144, 695, 23, 1, 5.00),
	(1145, 696, 16, 1, 6.00),
	(1146, 696, 22, 1, 10.00),
	(1147, 697, 14, 1, 10.00),
	(1148, 698, 21, 1, 7.00),
	(1149, 699, 31, 1, 10.00),
	(1150, 700, 32, 1, 12.00),
	(1151, 701, 14, 1, 10.00),
	(1152, 702, 23, 2, 5.00),
	(1153, 703, 24, 1, 10.00),
	(1154, 703, 12, 1, 6.00),
	(1155, 704, 14, 1, 10.00),
	(1156, 705, 14, 1, 10.00),
	(1157, 706, 23, 2, 5.00),
	(1158, 707, 23, 2, 5.00),
	(1159, 708, 31, 1, 10.00),
	(1160, 709, 12, 2, 6.00),
	(1161, 710, 21, 1, 7.00),
	(1162, 710, 20, 2, 2.00),
	(1163, 710, 14, 1, 10.00),
	(1164, 711, 23, 2, 5.00),
	(1165, 712, 14, 3, 10.00),
	(1166, 712, 12, 1, 6.00),
	(1167, 713, 14, 1, 10.00),
	(1168, 714, 22, 1, 10.00),
	(1169, 714, 31, 1, 10.00),
	(1170, 715, 12, 1, 6.00),
	(1171, 716, 16, 1, 6.00),
	(1172, 717, 22, 2, 10.00),
	(1173, 718, 24, 2, 10.00),
	(1174, 718, 12, 2, 6.00),
	(1175, 719, 15, 1, 7.00),
	(1176, 719, 20, 1, 2.00),
	(1177, 720, 15, 2, 7.00),
	(1178, 721, 24, 1, 10.00),
	(1179, 722, 24, 3, 10.00),
	(1180, 723, 29, 1, 8.00),
	(1181, 724, 15, 1, 7.00),
	(1182, 725, 12, 1, 6.00),
	(1183, 726, 14, 1, 10.00),
	(1184, 727, 29, 2, 8.00),
	(1185, 728, 12, 3, 6.00),
	(1186, 729, 22, 1, 10.00),
	(1187, 730, 20, 1, 2.00),
	(1188, 731, 17, 12, 2.00),
	(1189, 732, 14, 2, 10.00),
	(1190, 733, 29, 3, 8.00),
	(1191, 734, 22, 1, 10.00),
	(1192, 735, 14, 1, 10.00),
	(1193, 735, 23, 1, 5.00),
	(1194, 735, 17, 1, 2.00),
	(1195, 736, 12, 1, 6.00),
	(1196, 737, 22, 1, 10.00),
	(1197, 737, 14, 1, 10.00),
	(1198, 738, 14, 1, 10.00),
	(1199, 738, 12, 1, 6.00),
	(1200, 739, 32, 1, 12.00),
	(1201, 739, 12, 1, 6.00),
	(1202, 740, 18, 1, 3.00),
	(1203, 740, 12, 1, 6.00),
	(1204, 741, 21, 1, 7.00),
	(1205, 741, 12, 2, 6.00),
	(1206, 741, 14, 1, 10.00),
	(1207, 742, 12, 3, 6.00),
	(1208, 743, 15, 2, 7.00),
	(1209, 744, 21, 3, 7.00),
	(1210, 745, 29, 1, 8.00),
	(1211, 745, 14, 1, 10.00),
	(1212, 746, 14, 2, 10.00),
	(1213, 747, 28, 1, 7.00),
	(1214, 748, 21, 1, 7.00),
	(1215, 749, 14, 1, 10.00),
	(1216, 750, 14, 1, 10.00),
	(1217, 751, 24, 1, 10.00),
	(1218, 752, 18, 3, 3.00),
	(1219, 753, 14, 1, 10.00),
	(1220, 754, 22, 1, 10.00),
	(1221, 755, 16, 4, 6.00),
	(1222, 756, 24, 1, 10.00),
	(1223, 756, 14, 1, 10.00),
	(1224, 757, 29, 1, 8.00),
	(1225, 757, 12, 1, 6.00),
	(1226, 758, 27, 1, 7.00),
	(1227, 758, 14, 1, 10.00),
	(1228, 759, 16, 1, 6.00),
	(1229, 760, 16, 1, 6.00),
	(1230, 761, 16, 1, 6.00),
	(1231, 762, 16, 1, 6.00),
	(1232, 763, 16, 1, 6.00),
	(1233, 764, 12, 2, 6.00),
	(1234, 765, 16, 1, 6.00),
	(1235, 766, 16, 1, 6.00),
	(1236, 767, 24, 2, 10.00),
	(1237, 768, 20, 2, 2.00),
	(1238, 768, 12, 1, 6.00),
	(1239, 769, 32, 1, 12.00),
	(1240, 770, 20, 1, 2.00),
	(1241, 771, 23, 1, 5.00),
	(1242, 772, 31, 2, 10.00),
	(1243, 773, 16, 1, 6.00),
	(1244, 774, 14, 1, 10.00),
	(1245, 775, 24, 1, 10.00);

-- Copiando estrutura para tabela platafo5_pdv.permissoes_categorias
CREATE TABLE IF NOT EXISTS `permissoes_categorias` (
  `id` int(11) NOT NULL AUTO_INCREMENT,
  `usuario_id` int(11) NOT NULL,
  `categoria` varchar(50) NOT NULL,
  PRIMARY KEY (`id`),
  UNIQUE KEY `unique_permissao` (`usuario_id`,`categoria`),
  CONSTRAINT `permissoes_categorias_ibfk_1` FOREIGN KEY (`usuario_id`) REFERENCES `usuarios` (`id`) ON DELETE CASCADE
) ENGINE=InnoDB AUTO_INCREMENT=86 DEFAULT CHARSET=utf8mb4 COLLATE=utf8mb4_general_ci;

-- Copiando dados para a tabela platafo5_pdv.permissoes_categorias: ~72 rows (aproximadamente)
REPLACE INTO `permissoes_categorias` (`id`, `usuario_id`, `categoria`) VALUES
	(21, 1, 'Batata'),
	(22, 1, 'Bebidas'),
	(23, 1, 'Brincadeira'),
	(24, 1, 'Cachorro Quente'),
	(25, 1, 'Caixa Completo'),
	(26, 1, 'Caldos'),
	(27, 1, 'Chocolate'),
	(28, 1, 'Churrasco'),
	(29, 1, 'Doces'),
	(30, 1, 'Pasteis'),
	(31, 2, 'Batata'),
	(32, 2, 'Bebidas'),
	(33, 2, 'Brincadeira'),
	(34, 2, 'Cachorro Quente'),
	(35, 2, 'Caixa Completo'),
	(36, 2, 'Caldos'),
	(37, 2, 'Chocolate'),
	(38, 2, 'Churrasco'),
	(39, 2, 'Doces'),
	(40, 2, 'Pasteis'),
	(19, 3, 'Churrasco'),
	(1, 4, 'Bebidas'),
	(2, 4, 'Caldos'),
	(3, 4, 'Chocolate'),
	(4, 4, 'Churrasco'),
	(5, 4, 'Fritos'),
	(10, 5, 'Caldos'),
	(11, 6, 'Batata'),
	(52, 7, 'Bebidas'),
	(53, 8, 'Cachorro Quente'),
	(54, 10, 'Brincadeira'),
	(41, 11, 'Batata'),
	(42, 11, 'Bebidas'),
	(43, 11, 'Brincadeira'),
	(44, 11, 'Cachorro Quente'),
	(45, 11, 'Caixa Completo'),
	(46, 11, 'Caldos'),
	(47, 11, 'Chocolate'),
	(48, 11, 'Churrasco'),
	(49, 11, 'Doces'),
	(50, 11, 'Pasteis'),
	(51, 12, 'Doces'),
	(55, 13, 'Pasteis'),
	(56, 14, 'Batata'),
	(57, 14, 'Bebidas'),
	(58, 14, 'Brincadeira'),
	(59, 14, 'Cachorro Quente'),
	(60, 14, 'Caixa Completo'),
	(61, 14, 'Caldos'),
	(62, 14, 'Chocolate'),
	(63, 14, 'Churrasco'),
	(64, 14, 'Doces'),
	(65, 14, 'Pasteis'),
	(66, 15, 'Batata'),
	(67, 15, 'Bebidas'),
	(68, 15, 'Brincadeira'),
	(69, 15, 'Cachorro Quente'),
	(70, 15, 'Caixa Completo'),
	(71, 15, 'Caldos'),
	(72, 15, 'Chocolate'),
	(73, 15, 'Churrasco'),
	(74, 15, 'Doces'),
	(75, 15, 'Pasteis'),
	(76, 17, 'Batata'),
	(77, 17, 'Bebidas'),
	(78, 17, 'Brincadeira'),
	(79, 17, 'Cachorro Quente'),
	(80, 17, 'Caixa Completo'),
	(81, 17, 'Caldos'),
	(82, 17, 'Chocolate'),
	(83, 17, 'Churrasco'),
	(84, 17, 'Doces'),
	(85, 17, 'Pasteis');

-- Copiando estrutura para tabela platafo5_pdv.produtos
CREATE TABLE IF NOT EXISTS `produtos` (
  `id` int(11) NOT NULL AUTO_INCREMENT,
  `nome` varchar(100) DEFAULT NULL,
  `preco` decimal(10,2) DEFAULT NULL,
  `quantidade_estoque` int(11) DEFAULT NULL,
  `categoria_id` int(11) DEFAULT NULL,
  `cor` varchar(7) DEFAULT '#eeeeee',
  PRIMARY KEY (`id`),
  KEY `fk_produto_categoria` (`categoria_id`),
  CONSTRAINT `fk_produto_categoria` FOREIGN KEY (`categoria_id`) REFERENCES `categorias` (`id`) ON DELETE SET NULL
) ENGINE=InnoDB AUTO_INCREMENT=37 DEFAULT CHARSET=utf8mb4 COLLATE=utf8mb4_general_ci;

-- Copiando dados para a tabela platafo5_pdv.produtos: ~18 rows (aproximadamente)
REPLACE INTO `produtos` (`id`, `nome`, `preco`, `quantidade_estoque`, `categoria_id`, `cor`) VALUES
	(12, 'Refrigerante', 6.00, 744, 1, '#d357fe'),
	(14, 'Pastel', 10.00, 78, 4, '#750b0b'),
	(15, 'Batata', 7.00, 172, 11, '#ffffff'),
	(16, 'Doce', 6.00, 16, 10, '#d357fe'),
	(17, 'Água S/Gás', 2.00, 212, 1, '#0061fe'),
	(18, 'Água C/Gás', 3.00, 100, 1, '#000000'),
	(20, 'Guaramor', 2.00, 610, 1, '#0061fe'),
	(21, 'Cachorro Quente', 7.00, 0, 14, '#ffffff'),
	(22, 'Caldo Verde', 10.00, 33, 3, '#791a3d'),
	(23, 'Brincadeira', 5.00, 892, 13, '#ff6a00'),
	(24, 'Churrasquinho', 10.00, 679, 2, '#750b0b'),
	(25, 'Pula - Pula', 5.00, 966, 13, '#203fd9'),
	(26, 'Tobogã', 5.00, 1000, 13, '#2719e6'),
	(27, 'Suco Lata', 7.00, 291, 1, '#ffffff'),
	(28, 'Vinho Copo de 300ml', 7.00, 44, 1, '#ffffff'),
	(29, 'Cerveja Brama/Antarctica', 8.00, 505, 1, '#fefb41'),
	(31, 'Cerveja Heneken', 10.00, 215, 1, '#750b0b'),
	(32, 'Mocotó', 12.00, 27, 3, '#76bb40');

-- Copiando estrutura para tabela platafo5_pdv.sangrias
CREATE TABLE IF NOT EXISTS `sangrias` (
  `id` int(11) NOT NULL AUTO_INCREMENT,
  `valor` decimal(10,2) DEFAULT NULL,
  `data` datetime DEFAULT current_timestamp(),
  `observacao` text DEFAULT NULL,
  `usuario_id` int(11) DEFAULT NULL,
  `controle_caixa_id` int(11) DEFAULT NULL,
  PRIMARY KEY (`id`),
  KEY `fk_sangrias_usuarios` (`usuario_id`),
  KEY `fk_sangrias_controle_caixa` (`controle_caixa_id`),
  CONSTRAINT `fk_sangrias_controle_caixa` FOREIGN KEY (`controle_caixa_id`) REFERENCES `controle_caixa` (`id`),
  CONSTRAINT `fk_sangrias_usuarios` FOREIGN KEY (`usuario_id`) REFERENCES `usuarios` (`id`)
) ENGINE=InnoDB AUTO_INCREMENT=17 DEFAULT CHARSET=utf8mb4 COLLATE=utf8mb4_general_ci;

-- Copiando dados para a tabela platafo5_pdv.sangrias: ~9 rows (aproximadamente)
REPLACE INTO `sangrias` (`id`, `valor`, `data`, `observacao`, `usuario_id`, `controle_caixa_id`) VALUES
	(1, 171.00, '2025-05-29 02:08:37', '', 4, NULL),
	(2, 10.00, '2025-06-11 13:51:44', 'Thiago ás 13:51', 7, NULL),
	(3, 10.00, '2025-06-11 20:29:24', '', 6, NULL),
	(4, 20.00, '2025-06-11 20:45:43', '20h45', 3, NULL),
	(5, 500.00, '2025-06-11 20:46:17', 'Roberto levou 500', 1, NULL),
	(6, 100.00, '2025-06-11 20:46:36', '', 10, NULL),
	(7, 7.00, '2025-06-11 20:47:33', '', 6, NULL),
	(8, 300.00, '2025-06-11 22:30:19', '', 12, NULL),
	(9, 200.00, '2025-06-11 22:31:31', 'André retirou o valor as 21h', 12, NULL),
	(10, 100.00, '2025-06-12 09:12:47', '', 10, NULL),
	(11, 10.00, '2025-06-12 15:12:39', '', 4, NULL),
	(12, 350.00, '2025-06-13 21:50:08', '', 13, NULL),
	(13, 350.00, '2025-06-13 22:06:15', 'Recolhido Roberto ', 7, NULL),
	(14, 300.00, '2025-06-13 22:08:13', '', 3, NULL),
	(15, 350.00, '2025-06-13 22:13:07', 'Roberto retirou as 22:12, este valor', 6, NULL),
	(16, 100.00, '2025-06-13 22:37:10', 'Roberto\\r\\n22h37', 8, NULL);

-- Copiando estrutura para tabela platafo5_pdv.usuarios
CREATE TABLE IF NOT EXISTS `usuarios` (
  `id` int(11) NOT NULL AUTO_INCREMENT,
  `nome` varchar(100) NOT NULL,
  `usuario` varchar(50) NOT NULL,
  `senha` varchar(255) NOT NULL,
  `caixa_numero` int(11) NOT NULL,
  `ativo` tinyint(1) DEFAULT 1,
  `ultimo_login` datetime DEFAULT NULL,
  `nivel` varchar(20) NOT NULL DEFAULT 'operador' COMMENT 'administrador ou operador',
  PRIMARY KEY (`id`),
  UNIQUE KEY `usuario` (`usuario`)
) ENGINE=InnoDB AUTO_INCREMENT=18 DEFAULT CHARSET=utf8mb4 COLLATE=utf8mb4_general_ci;

-- Copiando dados para a tabela platafo5_pdv.usuarios: ~16 rows (aproximadamente)
REPLACE INTO `usuarios` (`id`, `nome`, `usuario`, `senha`, `caixa_numero`, `ativo`, `ultimo_login`, `nivel`) VALUES
	(1, 'Operador Caixa 1', 'caixa1', '$2y$10$LPPex16WfLbYtKAPx9iGYeYH1Jw7IGFOWChWM/PpArRnHGSI2Riq2', 1, 1, '2025-06-13 18:56:22', 'operador'),
	(2, 'Operador Caixa 2', 'caixa2', '$2y$10$Q637RHSNP7VTAxPHP4J.S.pa6R8aXCSCrYJ8g21v.AcbwFmZg4y7y', 2, 1, '2025-06-13 20:46:00', 'operador'),
	(3, 'Caixa Churrasquinho', 'Churrasquinho', '$2y$10$3J1UrAnQIPY3dcEVJ9mu2OfFP/ffLyt0xX83nDijrnO22wgi5Lsyi', 5, 1, '2025-06-13 19:59:30', 'operador'),
	(4, 'Thiago', 'admin', '$2y$10$C1RKT466Oeo3OieA7LvAIeQpZ/9xBQuLKU/.uLQZADSUKJNLEhbOW', 20, 1, '2025-06-13 21:12:58', 'administrador'),
	(5, 'Caixa Caldos', 'Caldos', '$2y$10$qMiaeaHpkhvqk3jtIyudzOx91s00H9lYoHi5lgYFBcc5TNZwQdDTS', 9, 1, '2025-06-13 20:03:52', 'operador'),
	(6, 'Caixa Batata', 'Batata', '$2y$10$sWL4cB97QiQ/EfwWGoKiV.eTmNp4aeGHuTwIwrPaXCuWrsH8hAdU6', 4, 1, '2025-06-13 20:41:07', 'operador'),
	(7, 'Caixa Bebidas', 'Bebidas', '$2y$10$XiwfEQW7JRoxJZrByzcqluIcvN8bqdD0wMwdl1xq3rPVLQEVESNEa', 7, 1, '2025-06-13 18:49:31', 'operador'),
	(8, 'Caixa Cachorro Quente', 'Cachorro Quente', '$2y$10$K.OZR4.x3mKScfDWZ46OJenXkgg1yXmgQPA02noiA9gAyD3vmFa2O', 8, 1, '2025-06-13 22:33:43', 'operador'),
	(9, 'Padre Adriano', 'Padre Adriano', '$2y$10$EHTZYmZt/X40FfNvNvXGMOATwNNyvW0P.3e4b0/3P6GR9lwFEAuSe', 10, 1, '2025-06-13 21:16:24', 'administrador'),
	(10, 'Caixa Brincadeira', 'Brincadeira', '$2y$10$jdth2Ox7Cbg4VJZ/Fck0fOk4Iy9/qDQfQgLPzxgw2RnfLuID2ZxZ2', 11, 1, '2025-06-13 19:37:10', 'operador'),
	(11, 'Operador de Caixa 3', 'caixa3', '$2y$10$xsVAnNEkmmpcxuW/RwfRYOk8VS3Ud3Rb3jnqcYSnb06cO0cbYK602', 3, 1, NULL, 'operador'),
	(12, 'Caixa Doces', 'Doces', '$2y$10$OLXddMjXdQpq6gAV9.Qw4eeUH1OsnlKTj/vxvcvtm7uk28w1r9dfS', 6, 1, '2025-06-13 21:01:16', 'operador'),
	(13, 'Caixa Pastel', 'Pastel', '$2y$10$ltyMEXaOyOFCQ4Jd4jJOfeSngPNjBuYDRTkchsBc.XvNcjRe8YqSC', 12, 1, '2025-06-13 19:23:33', 'operador'),
	(14, 'Operador de caixa 4', 'caixa4', '$2y$10$7Bdp8GcBCmGUf6Vdul9cuumpHjZjcTzbCSPBUPMol9GrD8YlBryAK', 13, 1, '2025-06-13 21:57:53', 'operador'),
	(15, 'Operador de caixa 5', 'caixa5', '$2y$10$Mt0bzjWyTkVVKpgVVD5kUOd2ChsypJoxcXCLoL/JfsNzlgWQf.Ul6', 13, 1, '2025-06-13 19:05:17', 'operador'),
	(16, 'Otávio', 'Otavio', '$2y$10$x2h0c6pJCheiHvIiY47avuCCqd.hAJiIf3Pk59GCb1XHPJbINKuzC', 14, 1, '2025-05-31 22:23:48', 'administrador'),
	(17, 'Testes', 'testes', '$2y$10$E36H.r2kycfc1wpQZAMzB.4VtmS7Hos/CMVR53ocM3IHOQErvaaCm', 5566, 1, '2025-06-13 04:23:13', 'operador');

-- Copiando estrutura para tabela platafo5_pdv.vendas
CREATE TABLE IF NOT EXISTS `vendas` (
  `id` int(11) NOT NULL AUTO_INCREMENT,
  `data` datetime DEFAULT current_timestamp(),
  `valor_total` decimal(10,2) DEFAULT NULL,
  `forma_pagamento` enum('Dinheiro','Pix','Cartão') DEFAULT NULL,
  `caixa` int(11) DEFAULT NULL,
  `usuario_id` int(11) DEFAULT NULL,
  `data_hora` datetime NOT NULL DEFAULT current_timestamp(),
  `controle_caixa_id` int(11) DEFAULT NULL,
  `data_venda` datetime DEFAULT current_timestamp(),
  `tipo` enum('comum','doacao','perda','devolucao') NOT NULL DEFAULT 'comum',
  PRIMARY KEY (`id`),
  KEY `fk_vendas_usuarios` (`usuario_id`),
  KEY `idx_data_hora` (`data_hora`),
  KEY `fk_vendas_controle_caixa` (`controle_caixa_id`),
  CONSTRAINT `fk_vendas_controle_caixa` FOREIGN KEY (`controle_caixa_id`) REFERENCES `controle_caixa` (`id`),
  CONSTRAINT `fk_vendas_usuarios` FOREIGN KEY (`usuario_id`) REFERENCES `usuarios` (`id`)
) ENGINE=InnoDB AUTO_INCREMENT=776 DEFAULT CHARSET=utf8mb4 COLLATE=utf8mb4_general_ci;

-- Copiando dados para a tabela platafo5_pdv.vendas: ~674 rows (aproximadamente)
REPLACE INTO `vendas` (`id`, `data`, `valor_total`, `forma_pagamento`, `caixa`, `usuario_id`, `data_hora`, `controle_caixa_id`, `data_venda`, `tipo`) VALUES
	(102, '2025-06-13 18:41:39', 6.00, 'Dinheiro', 6, 12, '2025-06-13 18:41:39', 29, '2025-06-13 18:41:39', 'comum'),
	(103, '2025-06-13 18:44:40', 6.00, 'Dinheiro', 6, 12, '2025-06-13 18:44:40', 29, '2025-06-13 18:44:40', 'comum'),
	(104, '2025-06-13 18:47:23', 10.00, 'Dinheiro', 9, 5, '2025-06-13 18:47:23', 31, '2025-06-13 18:47:23', 'comum'),
	(105, '2025-06-13 18:48:42', 6.00, 'Dinheiro', 6, 12, '2025-06-13 18:48:42', 29, '2025-06-13 18:48:42', 'comum'),
	(106, '2025-06-13 18:49:37', 6.00, 'Dinheiro', 6, 12, '2025-06-13 18:49:37', 29, '2025-06-13 18:49:37', 'comum'),
	(107, '2025-06-13 18:49:56', 6.00, 'Dinheiro', 6, 12, '2025-06-13 18:49:56', 29, '2025-06-13 18:49:56', 'comum'),
	(108, '2025-06-13 18:53:06', 10.00, 'Dinheiro', 9, 5, '2025-06-13 18:53:06', 31, '2025-06-13 18:53:06', 'comum'),
	(109, '2025-06-13 18:59:12', 3.00, 'Dinheiro', 7, 7, '2025-06-13 18:59:12', 33, '2025-06-13 18:59:12', 'comum'),
	(110, '2025-06-13 18:59:22', 2.00, 'Dinheiro', 7, 7, '2025-06-13 18:59:22', 33, '2025-06-13 18:59:22', 'comum'),
	(111, '2025-06-13 18:59:30', 6.00, 'Dinheiro', 6, 12, '2025-06-13 18:59:30', 29, '2025-06-13 18:59:30', 'comum'),
	(112, '2025-06-13 18:59:41', 10.00, 'Dinheiro', 5, 3, '2025-06-13 18:59:41', 32, '2025-06-13 18:59:41', 'comum'),
	(113, '2025-06-13 18:59:50', 6.00, 'Dinheiro', 6, 12, '2025-06-13 18:59:50', 29, '2025-06-13 18:59:50', 'comum'),
	(114, '2025-06-13 19:01:21', 14.00, 'Pix', 13, 15, '2025-06-13 19:01:21', 34, '2025-06-13 19:01:21', 'comum'),
	(115, '2025-06-13 19:01:57', 43.00, 'Pix', 1, 1, '2025-06-13 19:01:57', 30, '2025-06-13 19:01:57', 'comum'),
	(116, '2025-06-13 19:02:29', 6.00, 'Cartão', 1, 1, '2025-06-13 19:02:29', 30, '2025-06-13 19:02:29', 'comum'),
	(117, '2025-06-13 19:03:17', 6.00, 'Dinheiro', 6, 12, '2025-06-13 19:03:17', 29, '2025-06-13 19:03:17', 'comum'),
	(118, '2025-06-13 19:03:23', 6.00, 'Dinheiro', 6, 12, '2025-06-13 19:03:23', 29, '2025-06-13 19:03:23', 'comum'),
	(119, '2025-06-13 19:04:32', 6.00, 'Cartão', 6, 12, '2025-06-13 19:04:32', 29, '2025-06-13 19:04:32', 'comum'),
	(120, '2025-06-13 19:05:00', 10.00, 'Dinheiro', 9, 5, '2025-06-13 19:05:00', 31, '2025-06-13 19:05:00', 'comum'),
	(121, '2025-06-13 19:05:03', 6.00, 'Dinheiro', 6, 12, '2025-06-13 19:05:03', 29, '2025-06-13 19:05:03', 'comum'),
	(122, '2025-06-13 19:05:07', 6.00, 'Dinheiro', 6, 12, '2025-06-13 19:05:07', 29, '2025-06-13 19:05:07', 'comum'),
	(123, '2025-06-13 19:05:14', 10.00, 'Dinheiro', 9, 5, '2025-06-13 19:05:14', 31, '2025-06-13 19:05:14', 'comum'),
	(124, '2025-06-13 19:06:00', 22.00, 'Cartão', 1, 1, '2025-06-13 19:06:00', 30, '2025-06-13 19:06:00', 'comum'),
	(125, '2025-06-13 19:07:04', 11.00, 'Dinheiro', 7, 7, '2025-06-13 19:07:04', 33, '2025-06-13 19:07:04', 'comum'),
	(126, '2025-06-13 19:07:26', 32.00, 'Cartão', 1, 1, '2025-06-13 19:07:26', 30, '2025-06-13 19:07:26', 'comum'),
	(127, '2025-06-13 19:08:56', 6.00, 'Dinheiro', 7, 7, '2025-06-13 19:08:56', 33, '2025-06-13 19:08:56', 'comum'),
	(128, '2025-06-13 19:09:22', 59.00, 'Pix', 1, 1, '2025-06-13 19:09:22', 30, '2025-06-13 19:09:22', 'comum'),
	(129, '2025-06-13 19:10:42', 10.00, 'Dinheiro', 9, 5, '2025-06-13 19:10:42', 31, '2025-06-13 19:10:42', 'comum'),
	(130, '2025-06-13 19:13:58', 83.00, 'Pix', 1, 1, '2025-06-13 19:13:58', 30, '2025-06-13 19:13:58', 'comum'),
	(131, '2025-06-13 19:14:48', 12.00, 'Dinheiro', 9, 5, '2025-06-13 19:14:48', 31, '2025-06-13 19:14:48', 'comum'),
	(132, '2025-06-13 19:14:55', 12.00, 'Dinheiro', 9, 5, '2025-06-13 19:14:55', 31, '2025-06-13 19:14:55', 'comum'),
	(133, '2025-06-13 19:15:02', 10.00, 'Dinheiro', 9, 5, '2025-06-13 19:15:02', 31, '2025-06-13 19:15:02', 'comum'),
	(134, '2025-06-13 19:15:39', 2.00, 'Dinheiro', 7, 7, '2025-06-13 19:15:39', 33, '2025-06-13 19:15:39', 'comum'),
	(135, '2025-06-13 19:15:58', 3.00, 'Pix', 1, 1, '2025-06-13 19:15:58', 30, '2025-06-13 19:15:58', 'comum'),
	(136, '2025-06-13 19:20:55', 6.00, 'Dinheiro', 7, 7, '2025-06-13 19:20:55', 33, '2025-06-13 19:20:55', 'comum'),
	(137, '2025-06-13 19:22:39', 7.00, 'Dinheiro', 4, 6, '2025-06-13 19:22:39', 36, '2025-06-13 19:22:39', 'comum'),
	(138, '2025-06-13 19:22:54', 7.00, 'Dinheiro', 4, 6, '2025-06-13 19:22:54', 36, '2025-06-13 19:22:54', 'comum'),
	(139, '2025-06-13 19:23:02', 12.00, 'Dinheiro', 9, 5, '2025-06-13 19:23:02', 31, '2025-06-13 19:23:02', 'comum'),
	(140, '2025-06-13 19:23:43', 6.00, 'Dinheiro', 6, 12, '2025-06-13 19:23:43', 29, '2025-06-13 19:23:43', 'comum'),
	(141, '2025-06-13 19:24:20', 10.00, 'Dinheiro', 12, 13, '2025-06-13 19:24:20', 37, '2025-06-13 19:24:20', 'comum'),
	(142, '2025-06-13 19:24:38', 10.00, 'Dinheiro', 12, 13, '2025-06-13 19:24:38', 37, '2025-06-13 19:24:38', 'comum'),
	(143, '2025-06-13 19:24:50', 10.00, 'Dinheiro', 12, 13, '2025-06-13 19:24:50', 37, '2025-06-13 19:24:50', 'comum'),
	(144, '2025-06-13 19:25:02', 10.00, 'Dinheiro', 12, 13, '2025-06-13 19:25:02', 37, '2025-06-13 19:25:02', 'comum'),
	(145, '2025-06-13 19:25:12', 10.00, 'Dinheiro', 12, 13, '2025-06-13 19:25:12', 37, '2025-06-13 19:25:12', 'comum'),
	(146, '2025-06-13 19:25:20', 10.00, 'Dinheiro', 12, 13, '2025-06-13 19:25:20', 37, '2025-06-13 19:25:20', 'comum'),
	(147, '2025-06-13 19:25:30', 10.00, 'Dinheiro', 12, 13, '2025-06-13 19:25:30', 37, '2025-06-13 19:25:30', 'comum'),
	(148, '2025-06-13 19:26:24', 10.00, 'Dinheiro', 12, 13, '2025-06-13 19:26:24', 37, '2025-06-13 19:26:24', 'comum'),
	(149, '2025-06-13 19:27:38', 84.00, 'Cartão', 1, 1, '2025-06-13 19:27:38', 30, '2025-06-13 19:27:38', 'comum'),
	(150, '2025-06-13 19:28:07', 6.00, 'Dinheiro', 6, 12, '2025-06-13 19:28:07', 29, '2025-06-13 19:28:07', 'comum'),
	(151, '2025-06-13 19:28:16', 6.00, 'Dinheiro', 6, 12, '2025-06-13 19:28:16', 29, '2025-06-13 19:28:16', 'comum'),
	(152, '2025-06-13 19:29:46', 10.00, 'Dinheiro', 9, 5, '2025-06-13 19:29:46', 31, '2025-06-13 19:29:46', 'comum'),
	(153, '2025-06-13 19:32:34', 18.00, 'Cartão', 13, 14, '2025-06-13 19:32:34', 35, '2025-06-13 19:32:34', 'comum'),
	(154, '2025-06-13 19:32:59', 6.00, 'Dinheiro', 6, 12, '2025-06-13 19:32:59', 29, '2025-06-13 19:32:59', 'comum'),
	(155, '2025-06-13 19:33:01', 10.00, 'Dinheiro', 5, 3, '2025-06-13 19:33:01', 32, '2025-06-13 19:33:01', 'comum'),
	(156, '2025-06-13 19:33:03', 6.00, 'Dinheiro', 6, 12, '2025-06-13 19:33:03', 29, '2025-06-13 19:33:03', 'comum'),
	(157, '2025-06-13 19:33:07', 6.00, 'Dinheiro', 6, 12, '2025-06-13 19:33:07', 29, '2025-06-13 19:33:07', 'comum'),
	(158, '2025-06-13 19:33:11', 6.00, 'Dinheiro', 6, 12, '2025-06-13 19:33:11', 29, '2025-06-13 19:33:11', 'comum'),
	(159, '2025-06-13 19:33:15', 6.00, 'Dinheiro', 6, 12, '2025-06-13 19:33:15', 29, '2025-06-13 19:33:15', 'comum'),
	(160, '2025-06-13 19:33:20', 6.00, 'Dinheiro', 6, 12, '2025-06-13 19:33:20', 29, '2025-06-13 19:33:20', 'comum'),
	(161, '2025-06-13 19:33:36', 20.00, 'Cartão', 13, 14, '2025-06-13 19:33:36', 35, '2025-06-13 19:33:36', 'comum'),
	(162, '2025-06-13 19:35:11', 7.00, 'Dinheiro', 4, 6, '2025-06-13 19:35:11', 36, '2025-06-13 19:35:11', 'comum'),
	(163, '2025-06-13 19:35:12', 52.00, 'Cartão', 1, 1, '2025-06-13 19:35:12', 30, '2025-06-13 19:35:12', 'comum'),
	(164, '2025-06-13 19:35:22', 108.00, 'Cartão', 13, 15, '2025-06-13 19:35:22', 34, '2025-06-13 19:35:22', 'comum'),
	(165, '2025-06-13 19:35:57', 34.00, 'Cartão', 13, 14, '2025-06-13 19:35:57', 35, '2025-06-13 19:35:57', 'comum'),
	(166, '2025-06-13 19:36:37', 55.00, 'Cartão', 13, 15, '2025-06-13 19:36:37', 34, '2025-06-13 19:36:37', 'comum'),
	(167, '2025-06-13 19:36:53', 56.00, 'Pix', 1, 1, '2025-06-13 19:36:53', 30, '2025-06-13 19:36:53', 'comum'),
	(168, '2025-06-13 19:37:17', 2.00, 'Cartão', 13, 15, '2025-06-13 19:37:17', 34, '2025-06-13 19:37:17', 'comum'),
	(169, '2025-06-13 19:38:18', 25.00, 'Cartão', 13, 15, '2025-06-13 19:38:18', 34, '2025-06-13 19:38:18', 'comum'),
	(170, '2025-06-13 19:38:57', 26.00, 'Cartão', 13, 15, '2025-06-13 19:38:57', 34, '2025-06-13 19:38:57', 'comum'),
	(171, '2025-06-13 19:39:11', 3.00, 'Dinheiro', 7, 7, '2025-06-13 19:39:11', 33, '2025-06-13 19:39:11', 'comum'),
	(172, '2025-06-13 19:40:53', 28.00, 'Cartão', 13, 15, '2025-06-13 19:40:53', 34, '2025-06-13 19:40:53', 'comum'),
	(173, '2025-06-13 19:41:29', 10.00, 'Dinheiro', 12, 13, '2025-06-13 19:41:29', 37, '2025-06-13 19:41:29', 'comum'),
	(174, '2025-06-13 19:41:32', 12.00, 'Cartão', 13, 15, '2025-06-13 19:41:32', 34, '2025-06-13 19:41:32', 'comum'),
	(175, '2025-06-13 19:41:34', 213.00, 'Cartão', 1, 1, '2025-06-13 19:41:34', 30, '2025-06-13 19:41:34', 'comum'),
	(176, '2025-06-13 19:41:45', 10.00, 'Dinheiro', 12, 13, '2025-06-13 19:41:45', 37, '2025-06-13 19:41:45', 'comum'),
	(177, '2025-06-13 19:41:56', 7.00, 'Cartão', 13, 15, '2025-06-13 19:41:56', 34, '2025-06-13 19:41:56', 'comum'),
	(178, '2025-06-13 19:43:07', 10.00, 'Dinheiro', 12, 13, '2025-06-13 19:43:07', 37, '2025-06-13 19:43:07', 'comum'),
	(179, '2025-06-13 19:44:28', 41.00, 'Cartão', 13, 15, '2025-06-13 19:44:28', 34, '2025-06-13 19:44:28', 'comum'),
	(180, '2025-06-13 19:45:41', 7.00, 'Cartão', 13, 15, '2025-06-13 19:45:41', 34, '2025-06-13 19:45:41', 'comum'),
	(181, '2025-06-13 19:45:44', 2.00, 'Dinheiro', 7, 7, '2025-06-13 19:45:44', 33, '2025-06-13 19:45:44', 'comum'),
	(182, '2025-06-13 19:47:08', 20.00, 'Cartão', 13, 14, '2025-06-13 19:47:08', 35, '2025-06-13 19:47:08', 'comum'),
	(183, '2025-06-13 19:47:16', 24.00, 'Dinheiro', 9, 5, '2025-06-13 19:47:16', 31, '2025-06-13 19:47:16', 'comum'),
	(184, '2025-06-13 19:47:21', 10.00, 'Dinheiro', 9, 5, '2025-06-13 19:47:21', 31, '2025-06-13 19:47:21', 'comum'),
	(185, '2025-06-13 19:48:12', 20.00, 'Dinheiro', 9, 5, '2025-06-13 19:48:12', 31, '2025-06-13 19:48:12', 'comum'),
	(186, '2025-06-13 19:48:25', 36.00, 'Dinheiro', 9, 5, '2025-06-13 19:48:25', 31, '2025-06-13 19:48:25', 'comum'),
	(187, '2025-06-13 19:49:05', 26.00, 'Pix', 1, 1, '2025-06-13 19:49:05', 30, '2025-06-13 19:49:05', 'comum'),
	(188, '2025-06-13 19:50:57', 5.00, 'Dinheiro', 11, 10, '2025-06-13 19:50:57', 25, '2025-06-13 19:50:57', 'comum'),
	(189, '2025-06-13 19:51:04', 4.00, 'Dinheiro', 7, 7, '2025-06-13 19:51:04', 33, '2025-06-13 19:51:04', 'comum'),
	(190, '2025-06-13 19:51:08', 10.00, 'Dinheiro', 11, 10, '2025-06-13 19:51:08', 25, '2025-06-13 19:51:08', 'comum'),
	(191, '2025-06-13 19:52:39', 12.00, 'Cartão', 1, 1, '2025-06-13 19:52:39', 30, '2025-06-13 19:52:39', 'comum'),
	(192, '2025-06-13 19:52:56', 74.00, 'Cartão', 13, 14, '2025-06-13 19:52:56', 35, '2025-06-13 19:52:56', 'comum'),
	(193, '2025-06-13 19:53:03', 9.00, 'Dinheiro', 7, 7, '2025-06-13 19:53:03', 33, '2025-06-13 19:53:03', 'comum'),
	(194, '2025-06-13 19:54:29', 6.00, 'Dinheiro', 7, 7, '2025-06-13 19:54:29', 33, '2025-06-13 19:54:29', 'comum'),
	(195, '2025-06-13 19:54:39', 10.00, 'Dinheiro', 12, 13, '2025-06-13 19:54:39', 37, '2025-06-13 19:54:39', 'comum'),
	(196, '2025-06-13 19:54:45', 5.00, 'Cartão', 13, 15, '2025-06-13 19:54:45', 34, '2025-06-13 19:54:45', 'comum'),
	(197, '2025-06-13 19:54:50', 32.00, 'Cartão', 1, 1, '2025-06-13 19:54:50', 30, '2025-06-13 19:54:50', 'comum'),
	(198, '2025-06-13 19:58:01', 21.00, 'Dinheiro', 4, 6, '2025-06-13 19:58:01', 36, '2025-06-13 19:58:01', 'comum'),
	(199, '2025-06-13 19:58:52', 18.00, 'Dinheiro', 7, 7, '2025-06-13 19:58:52', 33, '2025-06-13 19:58:52', 'comum'),
	(200, '2025-06-13 19:59:25', 7.00, 'Dinheiro', 4, 6, '2025-06-13 19:59:25', 36, '2025-06-13 19:59:25', 'comum'),
	(201, '2025-06-13 19:59:55', 10.00, 'Dinheiro', 5, 3, '2025-06-13 19:59:55', 32, '2025-06-13 19:59:55', 'comum'),
	(202, '2025-06-13 20:00:52', 33.00, 'Cartão', 1, 1, '2025-06-13 20:00:52', 30, '2025-06-13 20:00:52', 'comum'),
	(203, '2025-06-13 20:02:48', 10.00, 'Dinheiro', 12, 13, '2025-06-13 20:02:48', 37, '2025-06-13 20:02:48', 'comum'),
	(204, '2025-06-13 20:02:56', 10.00, 'Dinheiro', 12, 13, '2025-06-13 20:02:56', 37, '2025-06-13 20:02:56', 'comum'),
	(205, '2025-06-13 20:03:43', 20.00, 'Cartão', 13, 14, '2025-06-13 20:03:43', 35, '2025-06-13 20:03:43', 'comum'),
	(206, '2025-06-13 20:04:00', 42.00, 'Cartão', 13, 15, '2025-06-13 20:04:00', 34, '2025-06-13 20:04:00', 'comum'),
	(207, '2025-06-13 20:04:17', 12.00, 'Cartão', 1, 1, '2025-06-13 20:04:17', 30, '2025-06-13 20:04:17', 'comum'),
	(208, '2025-06-13 20:04:28', 10.00, 'Dinheiro', 5, 3, '2025-06-13 20:04:28', 32, '2025-06-13 20:04:28', 'comum'),
	(209, '2025-06-13 20:05:01', 7.00, 'Pix', 13, 14, '2025-06-13 20:05:01', 35, '2025-06-13 20:05:01', 'comum'),
	(210, '2025-06-13 20:05:35', 7.00, 'Dinheiro', 4, 6, '2025-06-13 20:05:35', 36, '2025-06-13 20:05:35', 'comum'),
	(211, '2025-06-13 20:06:28', 10.00, 'Dinheiro', 5, 3, '2025-06-13 20:06:28', 32, '2025-06-13 20:06:28', 'comum'),
	(212, '2025-06-13 20:06:33', 12.00, 'Dinheiro', 9, 5, '2025-06-13 20:06:33', 31, '2025-06-13 20:06:33', 'comum'),
	(213, '2025-06-13 20:06:41', 17.00, 'Cartão', 1, 1, '2025-06-13 20:06:41', 30, '2025-06-13 20:06:41', 'comum'),
	(214, '2025-06-13 20:07:48', 32.00, 'Pix', 13, 14, '2025-06-13 20:07:48', 35, '2025-06-13 20:07:48', 'comum'),
	(215, '2025-06-13 20:08:20', 36.00, 'Cartão', 1, 1, '2025-06-13 20:08:20', 30, '2025-06-13 20:08:20', 'comum'),
	(216, '2025-06-13 20:09:12', 55.00, 'Cartão', 13, 15, '2025-06-13 20:09:12', 34, '2025-06-13 20:09:12', 'comum'),
	(217, '2025-06-13 20:09:54', 24.00, 'Cartão', 13, 14, '2025-06-13 20:09:54', 35, '2025-06-13 20:09:54', 'comum'),
	(218, '2025-06-13 20:10:00', 20.00, 'Pix', 1, 1, '2025-06-13 20:10:00', 30, '2025-06-13 20:10:00', 'comum'),
	(219, '2025-06-13 20:10:12', 6.00, 'Dinheiro', 7, 7, '2025-06-13 20:10:12', 33, '2025-06-13 20:10:12', 'comum'),
	(220, '2025-06-13 20:10:17', 24.00, 'Cartão', 13, 15, '2025-06-13 20:10:17', 34, '2025-06-13 20:10:17', 'comum'),
	(221, '2025-06-13 20:10:42', 20.00, 'Pix', 1, 1, '2025-06-13 20:10:42', 30, '2025-06-13 20:10:42', 'comum'),
	(222, '2025-06-13 20:11:45', 2.00, 'Cartão', 13, 15, '2025-06-13 20:11:45', 34, '2025-06-13 20:11:45', 'comum'),
	(223, '2025-06-13 20:12:17', 10.00, 'Dinheiro', 12, 13, '2025-06-13 20:12:17', 37, '2025-06-13 20:12:17', 'comum'),
	(224, '2025-06-13 20:13:08', 7.00, 'Dinheiro', 4, 6, '2025-06-13 20:13:08', 36, '2025-06-13 20:13:08', 'comum'),
	(225, '2025-06-13 20:13:24', 12.00, 'Dinheiro', 9, 5, '2025-06-13 20:13:24', 31, '2025-06-13 20:13:24', 'comum'),
	(226, '2025-06-13 20:13:35', 10.00, 'Cartão', 13, 14, '2025-06-13 20:13:35', 35, '2025-06-13 20:13:35', 'comum'),
	(227, '2025-06-13 20:13:57', 64.00, 'Cartão', 1, 1, '2025-06-13 20:13:57', 30, '2025-06-13 20:13:57', 'comum'),
	(228, '2025-06-13 20:14:06', 14.00, 'Cartão', 13, 15, '2025-06-13 20:14:06', 34, '2025-06-13 20:14:06', 'comum'),
	(229, '2025-06-13 20:14:40', 12.00, 'Dinheiro', 6, 12, '2025-06-13 20:14:40', 29, '2025-06-13 20:14:40', 'comum'),
	(230, '2025-06-13 20:15:03', 20.00, 'Cartão', 1, 1, '2025-06-13 20:15:03', 30, '2025-06-13 20:15:03', 'comum'),
	(231, '2025-06-13 20:15:18', 15.00, 'Dinheiro', 11, 10, '2025-06-13 20:15:18', 25, '2025-06-13 20:15:18', 'comum'),
	(232, '2025-06-13 20:15:38', 6.00, 'Dinheiro', 6, 12, '2025-06-13 20:15:38', 29, '2025-06-13 20:15:38', 'comum'),
	(233, '2025-06-13 20:15:55', 10.00, 'Cartão', 1, 1, '2025-06-13 20:15:55', 30, '2025-06-13 20:15:55', 'comum'),
	(234, '2025-06-13 20:15:57', 10.00, 'Cartão', 13, 14, '2025-06-13 20:15:57', 35, '2025-06-13 20:15:57', 'comum'),
	(235, '2025-06-13 20:16:21', 21.00, 'Cartão', 13, 14, '2025-06-13 20:16:21', 35, '2025-06-13 20:16:21', 'comum'),
	(236, '2025-06-13 20:16:54', 28.00, 'Cartão', 1, 1, '2025-06-13 20:16:54', 30, '2025-06-13 20:16:54', 'comum'),
	(237, '2025-06-13 20:17:05', 7.00, 'Cartão', 13, 14, '2025-06-13 20:17:05', 35, '2025-06-13 20:17:05', 'comum'),
	(238, '2025-06-13 20:17:07', 10.00, 'Cartão', 13, 15, '2025-06-13 20:17:07', 34, '2025-06-13 20:17:07', 'comum'),
	(239, '2025-06-13 20:17:35', 10.00, 'Cartão', 13, 14, '2025-06-13 20:17:35', 35, '2025-06-13 20:17:35', 'comum'),
	(240, '2025-06-13 20:17:56', 3.00, 'Dinheiro', 7, 7, '2025-06-13 20:17:56', 33, '2025-06-13 20:17:56', 'comum'),
	(241, '2025-06-13 20:19:27', 10.00, 'Dinheiro', 9, 5, '2025-06-13 20:19:27', 31, '2025-06-13 20:19:27', 'comum'),
	(242, '2025-06-13 20:19:40', 10.00, 'Dinheiro', 5, 3, '2025-06-13 20:19:40', 32, '2025-06-13 20:19:40', 'comum'),
	(243, '2025-06-13 20:19:55', 41.00, 'Cartão', 13, 15, '2025-06-13 20:19:55', 34, '2025-06-13 20:19:55', 'comum'),
	(244, '2025-06-13 20:20:03', 10.00, 'Dinheiro', 12, 13, '2025-06-13 20:20:03', 37, '2025-06-13 20:20:03', 'comum'),
	(245, '2025-06-13 20:20:18', 10.00, 'Dinheiro', 5, 3, '2025-06-13 20:20:18', 32, '2025-06-13 20:20:18', 'comum'),
	(246, '2025-06-13 20:20:44', 2.00, 'Dinheiro', 7, 7, '2025-06-13 20:20:44', 33, '2025-06-13 20:20:44', 'comum'),
	(247, '2025-06-13 20:20:44', 28.00, 'Cartão', 1, 1, '2025-06-13 20:20:44', 30, '2025-06-13 20:20:44', 'comum'),
	(248, '2025-06-13 20:21:14', 6.00, 'Dinheiro', 7, 7, '2025-06-13 20:21:14', 33, '2025-06-13 20:21:14', 'comum'),
	(249, '2025-06-13 20:21:44', 6.00, 'Dinheiro', 6, 12, '2025-06-13 20:21:44', 29, '2025-06-13 20:21:44', 'comum'),
	(250, '2025-06-13 20:22:08', 5.00, 'Cartão', 13, 15, '2025-06-13 20:22:08', 34, '2025-06-13 20:22:08', 'comum'),
	(251, '2025-06-13 20:22:26', 59.00, 'Cartão', 1, 1, '2025-06-13 20:22:26', 30, '2025-06-13 20:22:26', 'comum'),
	(252, '2025-06-13 20:23:15', 9.00, 'Cartão', 13, 15, '2025-06-13 20:23:15', 34, '2025-06-13 20:23:15', 'comum'),
	(253, '2025-06-13 20:23:22', 6.00, 'Dinheiro', 7, 7, '2025-06-13 20:23:22', 33, '2025-06-13 20:23:22', 'comum'),
	(254, '2025-06-13 20:23:47', 55.00, 'Cartão', 13, 14, '2025-06-13 20:23:47', 35, '2025-06-13 20:23:47', 'comum'),
	(255, '2025-06-13 20:23:53', 52.00, 'Cartão', 1, 1, '2025-06-13 20:23:53', 30, '2025-06-13 20:23:53', 'comum'),
	(256, '2025-06-13 20:24:21', 23.00, 'Cartão', 13, 15, '2025-06-13 20:24:21', 34, '2025-06-13 20:24:21', 'comum'),
	(257, '2025-06-13 20:25:28', 10.00, 'Cartão', 13, 15, '2025-06-13 20:25:28', 34, '2025-06-13 20:25:28', 'comum'),
	(258, '2025-06-13 20:25:39', 34.00, 'Pix', 1, 1, '2025-06-13 20:25:39', 30, '2025-06-13 20:25:39', 'comum'),
	(259, '2025-06-13 20:25:45', 20.00, 'Dinheiro', 9, 5, '2025-06-13 20:25:45', 31, '2025-06-13 20:25:45', 'comum'),
	(260, '2025-06-13 20:25:55', 49.00, 'Dinheiro', 8, 8, '2025-06-13 20:25:55', 28, '2025-06-13 20:25:55', 'comum'),
	(261, '2025-06-13 20:26:36', 10.00, 'Cartão', 13, 14, '2025-06-13 20:26:36', 35, '2025-06-13 20:26:36', 'comum'),
	(262, '2025-06-13 20:26:57', 10.00, 'Dinheiro', 11, 10, '2025-06-13 20:26:57', 25, '2025-06-13 20:26:57', 'comum'),
	(263, '2025-06-13 20:26:58', 6.00, 'Cartão', 1, 1, '2025-06-13 20:26:58', 30, '2025-06-13 20:26:58', 'comum'),
	(264, '2025-06-13 20:27:01', 7.00, 'Dinheiro', 4, 6, '2025-06-13 20:27:01', 36, '2025-06-13 20:27:01', 'comum'),
	(265, '2025-06-13 20:27:49', 18.00, 'Dinheiro', 6, 12, '2025-06-13 20:27:49', 29, '2025-06-13 20:27:49', 'comum'),
	(266, '2025-06-13 20:28:03', 62.00, 'Cartão', 13, 15, '2025-06-13 20:28:03', 34, '2025-06-13 20:28:03', 'comum'),
	(267, '2025-06-13 20:28:16', 6.00, 'Dinheiro', 6, 12, '2025-06-13 20:28:16', 29, '2025-06-13 20:28:16', 'comum'),
	(268, '2025-06-13 20:28:21', 6.00, 'Dinheiro', 6, 12, '2025-06-13 20:28:21', 29, '2025-06-13 20:28:21', 'comum'),
	(269, '2025-06-13 20:28:26', 10.00, 'Dinheiro', 9, 5, '2025-06-13 20:28:26', 31, '2025-06-13 20:28:26', 'comum'),
	(270, '2025-06-13 20:28:30', 12.00, 'Dinheiro', 9, 5, '2025-06-13 20:28:30', 31, '2025-06-13 20:28:30', 'comum'),
	(271, '2025-06-13 20:28:36', 21.00, 'Cartão', 1, 1, '2025-06-13 20:28:36', 30, '2025-06-13 20:28:36', 'comum'),
	(272, '2025-06-13 20:28:45', 10.00, 'Dinheiro', 12, 13, '2025-06-13 20:28:45', 37, '2025-06-13 20:28:45', 'comum'),
	(273, '2025-06-13 20:28:46', 24.00, 'Dinheiro', 9, 5, '2025-06-13 20:28:46', 31, '2025-06-13 20:28:46', 'comum'),
	(274, '2025-06-13 20:28:47', 14.00, 'Cartão', 13, 14, '2025-06-13 20:28:47', 35, '2025-06-13 20:28:47', 'comum'),
	(275, '2025-06-13 20:28:50', 10.00, 'Dinheiro', 12, 13, '2025-06-13 20:28:50', 37, '2025-06-13 20:28:50', 'comum'),
	(276, '2025-06-13 20:29:18', 16.00, 'Dinheiro', 7, 7, '2025-06-13 20:29:18', 33, '2025-06-13 20:29:18', 'comum'),
	(277, '2025-06-13 20:29:19', 30.00, 'Cartão', 13, 15, '2025-06-13 20:29:19', 34, '2025-06-13 20:29:19', 'comum'),
	(278, '2025-06-13 20:29:29', 10.00, 'Dinheiro', 5, 3, '2025-06-13 20:29:29', 32, '2025-06-13 20:29:29', 'comum'),
	(279, '2025-06-13 20:29:43', 10.00, 'Dinheiro', 12, 13, '2025-06-13 20:29:43', 37, '2025-06-13 20:29:43', 'comum'),
	(280, '2025-06-13 20:29:57', 34.00, 'Cartão', 1, 1, '2025-06-13 20:29:57', 30, '2025-06-13 20:29:57', 'comum'),
	(281, '2025-06-13 20:29:57', 20.00, 'Cartão', 13, 14, '2025-06-13 20:29:57', 35, '2025-06-13 20:29:57', 'comum'),
	(282, '2025-06-13 20:30:16', 10.00, 'Dinheiro', 5, 3, '2025-06-13 20:30:16', 32, '2025-06-13 20:30:16', 'comum'),
	(283, '2025-06-13 20:30:31', 5.00, 'Dinheiro', 11, 10, '2025-06-13 20:30:31', 25, '2025-06-13 20:30:31', 'comum'),
	(284, '2025-06-13 20:30:57', 33.00, 'Cartão', 13, 15, '2025-06-13 20:30:57', 34, '2025-06-13 20:30:57', 'comum'),
	(285, '2025-06-13 20:31:17', 9.00, 'Cartão', 1, 1, '2025-06-13 20:31:17', 30, '2025-06-13 20:31:17', 'comum'),
	(286, '2025-06-13 20:31:48', 7.00, 'Dinheiro', 4, 6, '2025-06-13 20:31:48', 36, '2025-06-13 20:31:48', 'comum'),
	(287, '2025-06-13 20:31:54', 10.00, 'Dinheiro', 5, 3, '2025-06-13 20:31:54', 32, '2025-06-13 20:31:54', 'comum'),
	(288, '2025-06-13 20:32:05', 6.00, 'Dinheiro', 7, 7, '2025-06-13 20:32:05', 33, '2025-06-13 20:32:05', 'comum'),
	(289, '2025-06-13 20:32:31', 6.00, 'Dinheiro', 7, 7, '2025-06-13 20:32:31', 33, '2025-06-13 20:32:31', 'comum'),
	(290, '2025-06-13 20:32:42', 53.00, 'Cartão', 1, 1, '2025-06-13 20:32:42', 30, '2025-06-13 20:32:42', 'comum'),
	(291, '2025-06-13 20:33:01', 30.00, 'Cartão', 13, 15, '2025-06-13 20:33:01', 34, '2025-06-13 20:33:01', 'comum'),
	(292, '2025-06-13 20:33:05', 4.00, 'Dinheiro', 7, 7, '2025-06-13 20:33:05', 33, '2025-06-13 20:33:05', 'comum'),
	(293, '2025-06-13 20:33:06', 10.00, 'Dinheiro', 12, 13, '2025-06-13 20:33:06', 37, '2025-06-13 20:33:06', 'comum'),
	(294, '2025-06-13 20:33:10', 12.00, 'Dinheiro', 9, 5, '2025-06-13 20:33:10', 31, '2025-06-13 20:33:10', 'comum'),
	(295, '2025-06-13 20:33:16', 10.00, 'Dinheiro', 12, 13, '2025-06-13 20:33:16', 37, '2025-06-13 20:33:16', 'comum'),
	(296, '2025-06-13 20:33:26', 7.00, 'Pix', 13, 14, '2025-06-13 20:33:26', 35, '2025-06-13 20:33:26', 'comum'),
	(297, '2025-06-13 20:33:32', 10.00, 'Cartão', 13, 15, '2025-06-13 20:33:32', 34, '2025-06-13 20:33:32', 'comum'),
	(298, '2025-06-13 20:33:51', 12.00, 'Dinheiro', 9, 5, '2025-06-13 20:33:51', 31, '2025-06-13 20:33:51', 'comum'),
	(299, '2025-06-13 20:33:52', 10.00, 'Dinheiro', 12, 13, '2025-06-13 20:33:52', 37, '2025-06-13 20:33:52', 'comum'),
	(300, '2025-06-13 20:34:01', 24.00, 'Cartão', 1, 1, '2025-06-13 20:34:01', 30, '2025-06-13 20:34:01', 'comum'),
	(301, '2025-06-13 20:34:33', 10.00, 'Dinheiro', 11, 10, '2025-06-13 20:34:33', 25, '2025-06-13 20:34:33', 'comum'),
	(302, '2025-06-13 20:35:01', 50.00, 'Cartão', 13, 14, '2025-06-13 20:35:01', 35, '2025-06-13 20:35:01', 'comum'),
	(303, '2025-06-13 20:35:02', 53.00, 'Cartão', 13, 15, '2025-06-13 20:35:02', 34, '2025-06-13 20:35:02', 'comum'),
	(304, '2025-06-13 20:35:06', 10.00, 'Dinheiro', 11, 10, '2025-06-13 20:35:06', 25, '2025-06-13 20:35:06', 'comum'),
	(305, '2025-06-13 20:35:41', 40.00, 'Cartão', 1, 1, '2025-06-13 20:35:41', 30, '2025-06-13 20:35:41', 'comum'),
	(306, '2025-06-13 20:35:52', 10.00, 'Cartão', 13, 14, '2025-06-13 20:35:52', 35, '2025-06-13 20:35:52', 'comum'),
	(307, '2025-06-13 20:35:58', 7.00, 'Dinheiro', 4, 6, '2025-06-13 20:35:58', 36, '2025-06-13 20:35:58', 'comum'),
	(308, '2025-06-13 20:36:18', 10.00, 'Dinheiro', 12, 13, '2025-06-13 20:36:18', 37, '2025-06-13 20:36:18', 'comum'),
	(309, '2025-06-13 20:36:56', 62.00, 'Cartão', 13, 15, '2025-06-13 20:36:56', 34, '2025-06-13 20:36:56', 'comum'),
	(310, '2025-06-13 20:37:01', 20.00, 'Pix', 1, 1, '2025-06-13 20:37:01', 30, '2025-06-13 20:37:01', 'comum'),
	(311, '2025-06-13 20:37:23', 10.00, 'Dinheiro', 5, 3, '2025-06-13 20:37:23', 32, '2025-06-13 20:37:23', 'comum'),
	(312, '2025-06-13 20:37:59', 7.00, 'Dinheiro', 4, 6, '2025-06-13 20:37:59', 36, '2025-06-13 20:37:59', 'comum'),
	(313, '2025-06-13 20:38:00', 18.00, 'Dinheiro', 7, 7, '2025-06-13 20:38:00', 33, '2025-06-13 20:38:00', 'comum'),
	(314, '2025-06-13 20:38:13', 2.00, 'Dinheiro', 7, 7, '2025-06-13 20:38:13', 33, '2025-06-13 20:38:13', 'comum'),
	(315, '2025-06-13 20:38:19', 16.00, 'Cartão', 1, 1, '2025-06-13 20:38:19', 30, '2025-06-13 20:38:19', 'comum'),
	(316, '2025-06-13 20:39:03', 32.00, 'Cartão', 13, 15, '2025-06-13 20:39:03', 34, '2025-06-13 20:39:03', 'comum'),
	(317, '2025-06-13 20:39:12', 10.00, 'Dinheiro', 12, 13, '2025-06-13 20:39:12', 37, '2025-06-13 20:39:12', 'comum'),
	(318, '2025-06-13 20:39:28', 12.00, 'Dinheiro', 9, 5, '2025-06-13 20:39:28', 31, '2025-06-13 20:39:28', 'comum'),
	(319, '2025-06-13 20:39:43', 6.00, 'Dinheiro', 6, 12, '2025-06-13 20:39:43', 29, '2025-06-13 20:39:43', 'comum'),
	(320, '2025-06-13 20:39:47', 6.00, 'Dinheiro', 6, 12, '2025-06-13 20:39:47', 29, '2025-06-13 20:39:47', 'comum'),
	(321, '2025-06-13 20:40:09', 20.00, 'Dinheiro', 5, 3, '2025-06-13 20:40:09', 32, '2025-06-13 20:40:09', 'comum'),
	(322, '2025-06-13 20:40:21', 10.00, 'Dinheiro', 11, 10, '2025-06-13 20:40:21', 25, '2025-06-13 20:40:21', 'comum'),
	(323, '2025-06-13 20:40:42', 2.00, 'Dinheiro', 7, 7, '2025-06-13 20:40:42', 33, '2025-06-13 20:40:42', 'comum'),
	(324, '2025-06-13 20:40:52', 67.00, 'Cartão', 1, 1, '2025-06-13 20:40:52', 30, '2025-06-13 20:40:52', 'comum'),
	(325, '2025-06-13 20:41:31', 63.00, 'Cartão', 13, 15, '2025-06-13 20:41:31', 34, '2025-06-13 20:41:31', 'comum'),
	(326, '2025-06-13 20:42:16', 7.00, 'Dinheiro', 4, 6, '2025-06-13 20:42:16', 36, '2025-06-13 20:42:16', 'comum'),
	(327, '2025-06-13 20:42:24', 10.00, 'Dinheiro', 12, 13, '2025-06-13 20:42:24', 37, '2025-06-13 20:42:24', 'comum'),
	(328, '2025-06-13 20:42:26', 46.00, 'Cartão', 13, 14, '2025-06-13 20:42:26', 35, '2025-06-13 20:42:26', 'comum'),
	(329, '2025-06-13 20:42:27', 25.00, 'Cartão', 13, 15, '2025-06-13 20:42:27', 34, '2025-06-13 20:42:27', 'comum'),
	(330, '2025-06-13 20:42:35', 51.00, 'Pix', 1, 1, '2025-06-13 20:42:35', 30, '2025-06-13 20:42:35', 'comum'),
	(331, '2025-06-13 20:42:59', 10.00, 'Dinheiro', 12, 13, '2025-06-13 20:42:59', 37, '2025-06-13 20:42:59', 'comum'),
	(332, '2025-06-13 20:43:15', 26.00, 'Cartão', 20, 4, '2025-06-13 20:43:15', 26, '2025-06-13 20:43:15', 'comum'),
	(333, '2025-06-13 20:43:35', 8.00, 'Dinheiro', 7, 7, '2025-06-13 20:43:35', 33, '2025-06-13 20:43:35', 'comum'),
	(334, '2025-06-13 20:43:38', 33.00, 'Cartão', 13, 15, '2025-06-13 20:43:38', 34, '2025-06-13 20:43:38', 'comum'),
	(335, '2025-06-13 20:43:53', 7.00, 'Dinheiro', 4, 6, '2025-06-13 20:43:53', 36, '2025-06-13 20:43:53', 'comum'),
	(336, '2025-06-13 20:43:54', 10.00, 'Dinheiro', 9, 5, '2025-06-13 20:43:54', 31, '2025-06-13 20:43:54', 'comum'),
	(337, '2025-06-13 20:44:09', 46.00, 'Cartão', 1, 1, '2025-06-13 20:44:09', 30, '2025-06-13 20:44:09', 'comum'),
	(338, '2025-06-13 20:44:17', 7.00, 'Dinheiro', 4, 6, '2025-06-13 20:44:17', 36, '2025-06-13 20:44:17', 'comum'),
	(339, '2025-06-13 20:44:37', 20.00, 'Cartão', 13, 15, '2025-06-13 20:44:37', 34, '2025-06-13 20:44:37', 'comum'),
	(340, '2025-06-13 20:44:48', 44.00, 'Cartão', 13, 14, '2025-06-13 20:44:48', 35, '2025-06-13 20:44:48', 'comum'),
	(341, '2025-06-13 20:45:04', 10.00, 'Dinheiro', 12, 13, '2025-06-13 20:45:04', 37, '2025-06-13 20:45:04', 'comum'),
	(342, '2025-06-13 20:45:12', 10.00, 'Dinheiro', 12, 13, '2025-06-13 20:45:12', 37, '2025-06-13 20:45:12', 'comum'),
	(343, '2025-06-13 20:45:22', 10.00, 'Dinheiro', 12, 13, '2025-06-13 20:45:22', 37, '2025-06-13 20:45:22', 'comum'),
	(344, '2025-06-13 20:45:28', 7.00, 'Dinheiro', 4, 6, '2025-06-13 20:45:28', 36, '2025-06-13 20:45:28', 'comum'),
	(345, '2025-06-13 20:45:34', 10.00, 'Dinheiro', 12, 13, '2025-06-13 20:45:34', 37, '2025-06-13 20:45:34', 'comum'),
	(346, '2025-06-13 20:45:41', 10.00, 'Dinheiro', 12, 13, '2025-06-13 20:45:41', 37, '2025-06-13 20:45:41', 'comum'),
	(347, '2025-06-13 20:46:16', 12.00, 'Dinheiro', 7, 7, '2025-06-13 20:46:16', 33, '2025-06-13 20:46:16', 'comum'),
	(348, '2025-06-13 20:46:34', 58.00, 'Cartão', 13, 15, '2025-06-13 20:46:34', 34, '2025-06-13 20:46:34', 'comum'),
	(349, '2025-06-13 20:46:37', 10.00, 'Dinheiro', 9, 5, '2025-06-13 20:46:37', 31, '2025-06-13 20:46:37', 'comum'),
	(350, '2025-06-13 20:46:42', 2.00, 'Dinheiro', 7, 7, '2025-06-13 20:46:42', 33, '2025-06-13 20:46:42', 'comum'),
	(351, '2025-06-13 20:47:09', 12.00, 'Dinheiro', 7, 7, '2025-06-13 20:47:09', 33, '2025-06-13 20:47:09', 'comum'),
	(352, '2025-06-13 20:47:10', 26.00, 'Cartão', 2, 2, '2025-06-13 20:47:10', 38, '2025-06-13 20:47:10', 'comum'),
	(353, '2025-06-13 20:47:23', 6.00, 'Dinheiro', 6, 12, '2025-06-13 20:47:23', 29, '2025-06-13 20:47:23', 'comum'),
	(354, '2025-06-13 20:47:24', 20.00, 'Cartão', 13, 15, '2025-06-13 20:47:24', 34, '2025-06-13 20:47:24', 'comum'),
	(355, '2025-06-13 20:47:29', 6.00, 'Dinheiro', 6, 12, '2025-06-13 20:47:29', 29, '2025-06-13 20:47:29', 'comum'),
	(356, '2025-06-13 20:47:33', 6.00, 'Dinheiro', 6, 12, '2025-06-13 20:47:33', 29, '2025-06-13 20:47:33', 'comum'),
	(357, '2025-06-13 20:47:42', 36.00, 'Cartão', 13, 14, '2025-06-13 20:47:42', 35, '2025-06-13 20:47:42', 'comum'),
	(358, '2025-06-13 20:47:51', 42.00, 'Pix', 1, 1, '2025-06-13 20:47:51', 30, '2025-06-13 20:47:51', 'comum'),
	(359, '2025-06-13 20:47:56', 14.00, 'Dinheiro', 4, 6, '2025-06-13 20:47:56', 36, '2025-06-13 20:47:56', 'comum'),
	(360, '2025-06-13 20:48:05', 10.00, 'Dinheiro', 12, 13, '2025-06-13 20:48:05', 37, '2025-06-13 20:48:05', 'comum'),
	(361, '2025-06-13 20:48:09', 10.00, 'Dinheiro', 12, 13, '2025-06-13 20:48:09', 37, '2025-06-13 20:48:09', 'comum'),
	(362, '2025-06-13 20:48:25', 26.00, 'Cartão', 13, 15, '2025-06-13 20:48:25', 34, '2025-06-13 20:48:25', 'comum'),
	(363, '2025-06-13 20:48:47', 10.00, 'Dinheiro', 9, 5, '2025-06-13 20:48:47', 31, '2025-06-13 20:48:47', 'comum'),
	(364, '2025-06-13 20:49:05', 12.00, 'Dinheiro', 9, 5, '2025-06-13 20:49:05', 31, '2025-06-13 20:49:05', 'comum'),
	(365, '2025-06-13 20:49:24', 10.00, 'Dinheiro', 9, 5, '2025-06-13 20:49:24', 31, '2025-06-13 20:49:24', 'comum'),
	(366, '2025-06-13 20:49:28', 12.00, 'Dinheiro', 9, 5, '2025-06-13 20:49:28', 31, '2025-06-13 20:49:28', 'comum'),
	(367, '2025-06-13 20:49:48', 6.00, 'Pix', 1, 1, '2025-06-13 20:49:48', 30, '2025-06-13 20:49:48', 'comum'),
	(368, '2025-06-13 20:49:53', 26.00, 'Cartão', 13, 15, '2025-06-13 20:49:53', 34, '2025-06-13 20:49:53', 'comum'),
	(369, '2025-06-13 20:50:06', 27.00, 'Cartão', 2, 2, '2025-06-13 20:50:06', 38, '2025-06-13 20:50:06', 'comum'),
	(370, '2025-06-13 20:50:18', 20.00, 'Dinheiro', 11, 10, '2025-06-13 20:50:18', 25, '2025-06-13 20:50:18', 'comum'),
	(371, '2025-06-13 20:50:36', 7.00, 'Dinheiro', 7, 7, '2025-06-13 20:50:36', 33, '2025-06-13 20:50:36', 'comum'),
	(372, '2025-06-13 20:50:39', 30.00, 'Pix', 13, 14, '2025-06-13 20:50:39', 35, '2025-06-13 20:50:39', 'comum'),
	(373, '2025-06-13 20:51:02', 2.00, 'Dinheiro', 7, 7, '2025-06-13 20:51:02', 33, '2025-06-13 20:51:02', 'comum'),
	(374, '2025-06-13 20:51:03', 12.00, 'Cartão', 13, 15, '2025-06-13 20:51:03', 34, '2025-06-13 20:51:03', 'comum'),
	(375, '2025-06-13 20:51:15', 2.00, 'Dinheiro', 7, 7, '2025-06-13 20:51:15', 33, '2025-06-13 20:51:15', 'comum'),
	(376, '2025-06-13 20:51:20', 7.00, 'Dinheiro', 4, 6, '2025-06-13 20:51:20', 36, '2025-06-13 20:51:20', 'comum'),
	(377, '2025-06-13 20:51:37', 5.00, 'Dinheiro', 11, 10, '2025-06-13 20:51:37', 25, '2025-06-13 20:51:37', 'comum'),
	(378, '2025-06-13 20:51:42', 16.00, 'Pix', 13, 14, '2025-06-13 20:51:42', 35, '2025-06-13 20:51:42', 'comum'),
	(379, '2025-06-13 20:52:01', 9.00, 'Cartão', 13, 15, '2025-06-13 20:52:01', 34, '2025-06-13 20:52:01', 'comum'),
	(380, '2025-06-13 20:52:03', 2.00, 'Dinheiro', 7, 7, '2025-06-13 20:52:03', 33, '2025-06-13 20:52:03', 'comum'),
	(381, '2025-06-13 20:52:32', 20.00, 'Dinheiro', 11, 10, '2025-06-13 20:52:32', 25, '2025-06-13 20:52:32', 'comum'),
	(382, '2025-06-13 20:52:47', 4.00, 'Dinheiro', 7, 7, '2025-06-13 20:52:47', 33, '2025-06-13 20:52:47', 'comum'),
	(383, '2025-06-13 20:52:52', 36.00, 'Cartão', 13, 15, '2025-06-13 20:52:52', 34, '2025-06-13 20:52:52', 'comum'),
	(384, '2025-06-13 20:52:59', 2.00, 'Dinheiro', 7, 7, '2025-06-13 20:52:59', 33, '2025-06-13 20:52:59', 'comum'),
	(385, '2025-06-13 20:53:11', 21.00, 'Dinheiro', 4, 6, '2025-06-13 20:53:11', 36, '2025-06-13 20:53:11', 'comum'),
	(386, '2025-06-13 20:53:44', 32.00, 'Cartão', 2, 2, '2025-06-13 20:53:44', 38, '2025-06-13 20:53:44', 'comum'),
	(387, '2025-06-13 20:53:55', 20.00, 'Cartão', 13, 15, '2025-06-13 20:53:55', 34, '2025-06-13 20:53:55', 'comum'),
	(388, '2025-06-13 20:54:23', 12.00, 'Cartão', 1, 1, '2025-06-13 20:54:23', 30, '2025-06-13 20:54:23', 'comum'),
	(389, '2025-06-13 20:54:27', 10.00, 'Dinheiro', 9, 5, '2025-06-13 20:54:27', 31, '2025-06-13 20:54:27', 'comum'),
	(390, '2025-06-13 20:54:36', 10.00, 'Dinheiro', 5, 3, '2025-06-13 20:54:36', 32, '2025-06-13 20:54:36', 'comum'),
	(391, '2025-06-13 20:54:47', 38.00, 'Dinheiro', 7, 7, '2025-06-13 20:54:47', 33, '2025-06-13 20:54:47', 'comum'),
	(392, '2025-06-13 20:55:04', 10.00, 'Dinheiro', 12, 13, '2025-06-13 20:55:04', 37, '2025-06-13 20:55:04', 'comum'),
	(393, '2025-06-13 20:55:09', 49.00, 'Cartão', 13, 14, '2025-06-13 20:55:09', 35, '2025-06-13 20:55:09', 'comum'),
	(394, '2025-06-13 20:55:24', 18.00, 'Dinheiro', 6, 12, '2025-06-13 20:55:24', 29, '2025-06-13 20:55:24', 'comum'),
	(395, '2025-06-13 20:55:45', 51.00, 'Cartão', 13, 15, '2025-06-13 20:55:45', 34, '2025-06-13 20:55:45', 'comum'),
	(396, '2025-06-13 20:55:48', 10.00, 'Dinheiro', 5, 3, '2025-06-13 20:55:48', 32, '2025-06-13 20:55:48', 'comum'),
	(397, '2025-06-13 20:55:53', 6.00, 'Dinheiro', 6, 12, '2025-06-13 20:55:53', 29, '2025-06-13 20:55:53', 'comum'),
	(398, '2025-06-13 20:55:58', 6.00, 'Dinheiro', 6, 12, '2025-06-13 20:55:58', 29, '2025-06-13 20:55:58', 'comum'),
	(399, '2025-06-13 20:56:04', 12.00, 'Dinheiro', 7, 7, '2025-06-13 20:56:04', 33, '2025-06-13 20:56:04', 'comum'),
	(400, '2025-06-13 20:56:18', 10.00, 'Dinheiro', 12, 13, '2025-06-13 20:56:18', 37, '2025-06-13 20:56:18', 'comum'),
	(401, '2025-06-13 20:56:24', 10.00, 'Dinheiro', 12, 13, '2025-06-13 20:56:24', 37, '2025-06-13 20:56:24', 'comum'),
	(402, '2025-06-13 20:56:30', 10.00, 'Dinheiro', 12, 13, '2025-06-13 20:56:30', 37, '2025-06-13 20:56:30', 'comum'),
	(403, '2025-06-13 20:56:36', 20.00, 'Dinheiro', 5, 3, '2025-06-13 20:56:36', 32, '2025-06-13 20:56:36', 'comum'),
	(404, '2025-06-13 20:56:49', 63.00, 'Cartão', 1, 1, '2025-06-13 20:56:49', 30, '2025-06-13 20:56:49', 'comum'),
	(405, '2025-06-13 20:57:00', 35.00, 'Cartão', 13, 15, '2025-06-13 20:57:00', 34, '2025-06-13 20:57:00', 'comum'),
	(406, '2025-06-13 20:57:05', 7.00, 'Dinheiro', 4, 6, '2025-06-13 20:57:05', 36, '2025-06-13 20:57:05', 'comum'),
	(407, '2025-06-13 20:57:11', 10.00, 'Dinheiro', 12, 13, '2025-06-13 20:57:11', 37, '2025-06-13 20:57:11', 'comum'),
	(408, '2025-06-13 20:57:19', 3.00, 'Cartão', 1, 1, '2025-06-13 20:57:19', 30, '2025-06-13 20:57:19', 'comum'),
	(409, '2025-06-13 20:57:52', 10.00, 'Dinheiro', 12, 13, '2025-06-13 20:57:52', 37, '2025-06-13 20:57:52', 'comum'),
	(410, '2025-06-13 20:58:06', 10.00, 'Dinheiro', 12, 13, '2025-06-13 20:58:06', 37, '2025-06-13 20:58:06', 'comum'),
	(411, '2025-06-13 20:58:09', 21.00, 'Cartão', 13, 15, '2025-06-13 20:58:09', 34, '2025-06-13 20:58:09', 'comum'),
	(412, '2025-06-13 20:58:48', 6.00, 'Dinheiro', 6, 12, '2025-06-13 20:58:48', 29, '2025-06-13 20:58:48', 'comum'),
	(413, '2025-06-13 20:58:50', 55.00, 'Cartão', 13, 14, '2025-06-13 20:58:50', 35, '2025-06-13 20:58:50', 'comum'),
	(414, '2025-06-13 20:58:50', 6.00, 'Dinheiro', 6, 12, '2025-06-13 20:58:50', 29, '2025-06-13 20:58:50', 'comum'),
	(415, '2025-06-13 20:58:52', 6.00, 'Dinheiro', 6, 12, '2025-06-13 20:58:52', 29, '2025-06-13 20:58:52', 'comum'),
	(416, '2025-06-13 20:59:11', 6.00, 'Dinheiro', 6, 12, '2025-06-13 20:59:11', 29, '2025-06-13 20:59:11', 'comum'),
	(417, '2025-06-13 20:59:11', 6.00, 'Dinheiro', 6, 12, '2025-06-13 20:59:11', 29, '2025-06-13 20:59:11', 'comum'),
	(418, '2025-06-13 20:59:12', 6.00, 'Dinheiro', 6, 12, '2025-06-13 20:59:12', 29, '2025-06-13 20:59:12', 'comum'),
	(419, '2025-06-13 20:59:13', 6.00, 'Dinheiro', 6, 12, '2025-06-13 20:59:13', 29, '2025-06-13 20:59:13', 'comum'),
	(420, '2025-06-13 20:59:14', 6.00, 'Dinheiro', 6, 12, '2025-06-13 20:59:14', 29, '2025-06-13 20:59:14', 'comum'),
	(421, '2025-06-13 20:59:14', 6.00, 'Dinheiro', 6, 12, '2025-06-13 20:59:14', 29, '2025-06-13 20:59:14', 'comum'),
	(422, '2025-06-13 20:59:15', 6.00, 'Dinheiro', 6, 12, '2025-06-13 20:59:15', 29, '2025-06-13 20:59:15', 'comum'),
	(423, '2025-06-13 20:59:24', 84.00, 'Cartão', 1, 1, '2025-06-13 20:59:24', 30, '2025-06-13 20:59:24', 'comum'),
	(424, '2025-06-13 20:59:37', 73.00, 'Cartão', 13, 15, '2025-06-13 20:59:37', 34, '2025-06-13 20:59:37', 'comum'),
	(425, '2025-06-13 20:59:43', 12.00, 'Cartão', 13, 14, '2025-06-13 20:59:43', 35, '2025-06-13 20:59:43', 'comum'),
	(426, '2025-06-13 20:59:51', 7.00, 'Dinheiro', 4, 6, '2025-06-13 20:59:51', 36, '2025-06-13 20:59:51', 'comum'),
	(427, '2025-06-13 21:00:26', 32.00, 'Cartão', 1, 1, '2025-06-13 21:00:26', 30, '2025-06-13 21:00:26', 'comum'),
	(428, '2025-06-13 21:00:26', 39.00, 'Cartão', 2, 2, '2025-06-13 21:00:26', 38, '2025-06-13 21:00:26', 'comum'),
	(429, '2025-06-13 21:00:45', 7.00, 'Cartão', 13, 14, '2025-06-13 21:00:45', 35, '2025-06-13 21:00:45', 'comum'),
	(430, '2025-06-13 21:00:54', 35.00, 'Cartão', 13, 15, '2025-06-13 21:00:54', 34, '2025-06-13 21:00:54', 'comum'),
	(431, '2025-06-13 21:01:01', 4.00, 'Dinheiro', 7, 7, '2025-06-13 21:01:01', 33, '2025-06-13 21:01:01', 'comum'),
	(432, '2025-06-13 21:01:16', 12.00, 'Cartão', 1, 1, '2025-06-13 21:01:16', 30, '2025-06-13 21:01:16', 'comum'),
	(433, '2025-06-13 21:01:17', 10.00, 'Dinheiro', 12, 13, '2025-06-13 21:01:17', 37, '2025-06-13 21:01:17', 'comum'),
	(434, '2025-06-13 21:01:24', 6.00, 'Dinheiro', 6, 12, '2025-06-13 21:01:24', 29, '2025-06-13 21:01:24', 'comum'),
	(435, '2025-06-13 21:01:27', 6.00, 'Dinheiro', 7, 7, '2025-06-13 21:01:27', 33, '2025-06-13 21:01:27', 'comum'),
	(436, '2025-06-13 21:01:48', 13.00, 'Cartão', 13, 15, '2025-06-13 21:01:48', 34, '2025-06-13 21:01:48', 'comum'),
	(437, '2025-06-13 21:01:50', 2.00, 'Dinheiro', 7, 7, '2025-06-13 21:01:50', 33, '2025-06-13 21:01:50', 'comum'),
	(438, '2025-06-13 21:02:05', 12.00, 'Cartão', 1, 1, '2025-06-13 21:02:05', 30, '2025-06-13 21:02:05', 'comum'),
	(439, '2025-06-13 21:02:08', 25.00, 'Cartão', 13, 14, '2025-06-13 21:02:08', 35, '2025-06-13 21:02:08', 'comum'),
	(440, '2025-06-13 21:02:33', 12.00, 'Pix', 13, 15, '2025-06-13 21:02:33', 34, '2025-06-13 21:02:33', 'comum'),
	(441, '2025-06-13 21:02:40', 10.00, 'Dinheiro', 12, 13, '2025-06-13 21:02:40', 37, '2025-06-13 21:02:40', 'comum'),
	(442, '2025-06-13 21:02:43', 20.00, 'Dinheiro', 5, 3, '2025-06-13 21:02:43', 32, '2025-06-13 21:02:43', 'comum'),
	(443, '2025-06-13 21:02:45', 10.00, 'Dinheiro', 12, 13, '2025-06-13 21:02:45', 37, '2025-06-13 21:02:45', 'comum'),
	(444, '2025-06-13 21:02:54', 5.00, 'Cartão', 1, 1, '2025-06-13 21:02:54', 30, '2025-06-13 21:02:54', 'comum'),
	(445, '2025-06-13 21:03:06', 10.00, 'Dinheiro', 5, 3, '2025-06-13 21:03:06', 32, '2025-06-13 21:03:06', 'comum'),
	(446, '2025-06-13 21:03:11', 10.00, 'Cartão', 13, 15, '2025-06-13 21:03:11', 34, '2025-06-13 21:03:11', 'comum'),
	(447, '2025-06-13 21:03:21', 10.00, 'Dinheiro', 12, 13, '2025-06-13 21:03:21', 37, '2025-06-13 21:03:21', 'comum'),
	(448, '2025-06-13 21:03:22', 82.00, 'Cartão', 2, 2, '2025-06-13 21:03:22', 38, '2025-06-13 21:03:22', 'comum'),
	(449, '2025-06-13 21:03:46', 12.00, 'Dinheiro', 9, 5, '2025-06-13 21:03:46', 31, '2025-06-13 21:03:46', 'comum'),
	(450, '2025-06-13 21:03:51', 29.00, 'Pix', 13, 14, '2025-06-13 21:03:51', 35, '2025-06-13 21:03:51', 'comum'),
	(451, '2025-06-13 21:04:14', 49.00, 'Cartão', 13, 15, '2025-06-13 21:04:14', 34, '2025-06-13 21:04:14', 'comum'),
	(452, '2025-06-13 21:04:38', 38.00, 'Pix', 1, 1, '2025-06-13 21:04:38', 30, '2025-06-13 21:04:38', 'comum'),
	(453, '2025-06-13 21:04:50', 16.00, 'Cartão', 13, 14, '2025-06-13 21:04:50', 35, '2025-06-13 21:04:50', 'comum'),
	(454, '2025-06-13 21:05:10', 26.00, 'Cartão', 13, 15, '2025-06-13 21:05:10', 34, '2025-06-13 21:05:10', 'comum'),
	(455, '2025-06-13 21:05:46', 7.00, 'Cartão', 13, 15, '2025-06-13 21:05:46', 34, '2025-06-13 21:05:46', 'comum'),
	(456, '2025-06-13 21:06:05', 104.00, 'Cartão', 2, 2, '2025-06-13 21:06:05', 38, '2025-06-13 21:06:05', 'comum'),
	(457, '2025-06-13 21:06:27', 10.00, 'Cartão', 13, 15, '2025-06-13 21:06:27', 34, '2025-06-13 21:06:27', 'comum'),
	(458, '2025-06-13 21:06:38', 40.00, 'Cartão', 1, 1, '2025-06-13 21:06:38', 30, '2025-06-13 21:06:38', 'comum'),
	(459, '2025-06-13 21:06:58', 6.00, 'Dinheiro', 7, 7, '2025-06-13 21:06:58', 33, '2025-06-13 21:06:58', 'comum'),
	(460, '2025-06-13 21:07:11', 12.00, 'Cartão', 13, 15, '2025-06-13 21:07:11', 34, '2025-06-13 21:07:11', 'comum'),
	(461, '2025-06-13 21:07:12', 6.00, 'Dinheiro', 7, 7, '2025-06-13 21:07:12', 33, '2025-06-13 21:07:12', 'comum'),
	(462, '2025-06-13 21:07:26', 4.00, 'Dinheiro', 7, 7, '2025-06-13 21:07:26', 33, '2025-06-13 21:07:26', 'comum'),
	(463, '2025-06-13 21:07:29', 10.00, 'Dinheiro', 11, 10, '2025-06-13 21:07:29', 25, '2025-06-13 21:07:29', 'comum'),
	(464, '2025-06-13 21:07:31', 22.00, 'Cartão', 13, 14, '2025-06-13 21:07:31', 35, '2025-06-13 21:07:31', 'comum'),
	(465, '2025-06-13 21:07:55', 37.00, 'Cartão', 2, 2, '2025-06-13 21:07:55', 38, '2025-06-13 21:07:55', 'comum'),
	(466, '2025-06-13 21:07:58', 5.00, 'Dinheiro', 11, 10, '2025-06-13 21:07:58', 25, '2025-06-13 21:07:58', 'comum'),
	(467, '2025-06-13 21:08:01', 13.00, 'Cartão', 13, 15, '2025-06-13 21:08:01', 34, '2025-06-13 21:08:01', 'comum'),
	(468, '2025-06-13 21:08:12', 43.00, 'Cartão', 1, 1, '2025-06-13 21:08:12', 30, '2025-06-13 21:08:12', 'comum'),
	(469, '2025-06-13 21:08:23', 10.00, 'Dinheiro', 12, 13, '2025-06-13 21:08:23', 37, '2025-06-13 21:08:23', 'comum'),
	(470, '2025-06-13 21:08:24', 2.00, 'Dinheiro', 7, 7, '2025-06-13 21:08:24', 33, '2025-06-13 21:08:24', 'comum'),
	(471, '2025-06-13 21:09:11', 10.00, 'Dinheiro', 9, 5, '2025-06-13 21:09:11', 31, '2025-06-13 21:09:11', 'comum'),
	(472, '2025-06-13 21:09:15', 10.00, 'Dinheiro', 12, 13, '2025-06-13 21:09:15', 37, '2025-06-13 21:09:15', 'comum'),
	(473, '2025-06-13 21:09:25', 10.00, 'Dinheiro', 5, 3, '2025-06-13 21:09:25', 32, '2025-06-13 21:09:25', 'comum'),
	(474, '2025-06-13 21:09:27', 42.00, 'Cartão', 13, 15, '2025-06-13 21:09:27', 34, '2025-06-13 21:09:27', 'comum'),
	(475, '2025-06-13 21:09:32', 6.00, 'Dinheiro', 7, 7, '2025-06-13 21:09:32', 33, '2025-06-13 21:09:32', 'comum'),
	(476, '2025-06-13 21:09:34', 12.00, 'Cartão', 2, 2, '2025-06-13 21:09:34', 38, '2025-06-13 21:09:34', 'comum'),
	(477, '2025-06-13 21:09:45', 12.00, 'Dinheiro', 9, 5, '2025-06-13 21:09:45', 31, '2025-06-13 21:09:45', 'comum'),
	(478, '2025-06-13 21:10:00', 42.00, 'Cartão', 1, 1, '2025-06-13 21:10:00', 30, '2025-06-13 21:10:00', 'comum'),
	(479, '2025-06-13 21:10:14', 12.00, 'Cartão', 2, 2, '2025-06-13 21:10:14', 38, '2025-06-13 21:10:14', 'comum'),
	(480, '2025-06-13 21:10:19', 10.00, 'Dinheiro', 5, 3, '2025-06-13 21:10:19', 32, '2025-06-13 21:10:19', 'comum'),
	(481, '2025-06-13 21:10:21', 75.00, 'Cartão', 13, 14, '2025-06-13 21:10:21', 35, '2025-06-13 21:10:21', 'comum'),
	(482, '2025-06-13 21:11:00', 2.00, 'Dinheiro', 7, 7, '2025-06-13 21:11:00', 33, '2025-06-13 21:11:00', 'comum'),
	(483, '2025-06-13 21:11:11', 2.00, 'Dinheiro', 7, 7, '2025-06-13 21:11:11', 33, '2025-06-13 21:11:11', 'comum'),
	(484, '2025-06-13 21:11:33', 2.00, 'Dinheiro', 7, 7, '2025-06-13 21:11:33', 33, '2025-06-13 21:11:33', 'comum'),
	(485, '2025-06-13 21:11:47', 2.00, 'Dinheiro', 7, 7, '2025-06-13 21:11:47', 33, '2025-06-13 21:11:47', 'comum'),
	(486, '2025-06-13 21:12:00', 5.00, 'Dinheiro', 11, 10, '2025-06-13 21:12:00', 25, '2025-06-13 21:12:00', 'comum'),
	(487, '2025-06-13 21:12:00', 2.00, 'Dinheiro', 7, 7, '2025-06-13 21:12:00', 33, '2025-06-13 21:12:00', 'comum'),
	(488, '2025-06-13 21:12:37', 20.00, 'Cartão', 13, 15, '2025-06-13 21:12:37', 34, '2025-06-13 21:12:37', 'comum'),
	(489, '2025-06-13 21:12:52', 10.00, 'Dinheiro', 12, 13, '2025-06-13 21:12:52', 37, '2025-06-13 21:12:52', 'comum'),
	(490, '2025-06-13 21:12:59', 16.00, 'Cartão', 1, 1, '2025-06-13 21:12:59', 30, '2025-06-13 21:12:59', 'comum'),
	(491, '2025-06-13 21:13:29', 10.00, 'Dinheiro', 5, 3, '2025-06-13 21:13:29', 32, '2025-06-13 21:13:29', 'comum'),
	(492, '2025-06-13 21:13:35', 20.00, 'Dinheiro', 9, 5, '2025-06-13 21:13:35', 31, '2025-06-13 21:13:35', 'comum'),
	(493, '2025-06-13 21:14:14', 24.00, 'Dinheiro', 9, 5, '2025-06-13 21:14:14', 31, '2025-06-13 21:14:14', 'comum'),
	(494, '2025-06-13 21:14:21', 10.00, 'Dinheiro', 11, 10, '2025-06-13 21:14:21', 25, '2025-06-13 21:14:21', 'comum'),
	(495, '2025-06-13 21:14:31', 7.00, 'Dinheiro', 4, 6, '2025-06-13 21:14:31', 36, '2025-06-13 21:14:31', 'comum'),
	(496, '2025-06-13 21:14:49', 2.00, 'Dinheiro', 7, 7, '2025-06-13 21:14:49', 33, '2025-06-13 21:14:49', 'comum'),
	(497, '2025-06-13 21:14:52', 47.00, 'Cartão', 1, 1, '2025-06-13 21:14:52', 30, '2025-06-13 21:14:52', 'comum'),
	(498, '2025-06-13 21:15:02', 12.00, 'Dinheiro', 9, 5, '2025-06-13 21:15:02', 31, '2025-06-13 21:15:02', 'comum'),
	(499, '2025-06-13 21:15:11', 12.00, 'Dinheiro', 9, 5, '2025-06-13 21:15:11', 31, '2025-06-13 21:15:11', 'comum'),
	(500, '2025-06-13 21:15:16', 6.00, 'Dinheiro', 7, 7, '2025-06-13 21:15:16', 33, '2025-06-13 21:15:16', 'comum'),
	(501, '2025-06-13 21:15:20', 11.00, 'Pix', 13, 15, '2025-06-13 21:15:20', 34, '2025-06-13 21:15:20', 'comum'),
	(502, '2025-06-13 21:15:46', 10.00, 'Dinheiro', 11, 10, '2025-06-13 21:15:46', 25, '2025-06-13 21:15:46', 'comum'),
	(503, '2025-06-13 21:16:01', 12.00, 'Dinheiro', 7, 7, '2025-06-13 21:16:01', 33, '2025-06-13 21:16:01', 'comum'),
	(504, '2025-06-13 21:16:04', 18.00, 'Cartão', 1, 1, '2025-06-13 21:16:04', 30, '2025-06-13 21:16:04', 'comum'),
	(505, '2025-06-13 21:16:18', 35.00, 'Dinheiro', 8, 8, '2025-06-13 21:16:18', 28, '2025-06-13 21:16:18', 'comum'),
	(506, '2025-06-13 21:16:21', 13.00, 'Cartão', 13, 15, '2025-06-13 21:16:21', 34, '2025-06-13 21:16:21', 'comum'),
	(507, '2025-06-13 21:16:25', 24.00, 'Dinheiro', 9, 5, '2025-06-13 21:16:25', 31, '2025-06-13 21:16:25', 'comum'),
	(508, '2025-06-13 21:16:37', 14.00, 'Dinheiro', 8, 8, '2025-06-13 21:16:37', 28, '2025-06-13 21:16:37', 'comum'),
	(509, '2025-06-13 21:16:57', 7.00, 'Cartão', 1, 1, '2025-06-13 21:16:57', 30, '2025-06-13 21:16:57', 'comum'),
	(510, '2025-06-13 21:17:21', 30.00, 'Cartão', 13, 14, '2025-06-13 21:17:21', 35, '2025-06-13 21:17:21', 'comum'),
	(511, '2025-06-13 21:17:53', 17.00, 'Cartão', 1, 1, '2025-06-13 21:17:53', 30, '2025-06-13 21:17:53', 'comum'),
	(512, '2025-06-13 21:18:02', 7.00, 'Dinheiro', 4, 6, '2025-06-13 21:18:02', 36, '2025-06-13 21:18:02', 'comum'),
	(513, '2025-06-13 21:18:12', 7.00, 'Pix', 13, 14, '2025-06-13 21:18:12', 35, '2025-06-13 21:18:12', 'comum'),
	(514, '2025-06-13 21:18:47', 56.00, 'Cartão', 13, 15, '2025-06-13 21:18:47', 34, '2025-06-13 21:18:47', 'comum'),
	(515, '2025-06-13 21:19:13', 10.00, 'Cartão', 13, 14, '2025-06-13 21:19:13', 35, '2025-06-13 21:19:13', 'comum'),
	(516, '2025-06-13 21:19:30', 42.00, 'Pix', 1, 1, '2025-06-13 21:19:30', 30, '2025-06-13 21:19:30', 'comum'),
	(517, '2025-06-13 21:19:46', 27.00, 'Cartão', 13, 15, '2025-06-13 21:19:46', 34, '2025-06-13 21:19:46', 'comum'),
	(518, '2025-06-13 21:20:31', 5.00, 'Dinheiro', 11, 10, '2025-06-13 21:20:31', 25, '2025-06-13 21:20:31', 'comum'),
	(519, '2025-06-13 21:20:34', 6.00, 'Pix', 1, 1, '2025-06-13 21:20:34', 30, '2025-06-13 21:20:34', 'comum'),
	(520, '2025-06-13 21:21:18', 24.00, 'Cartão', 1, 1, '2025-06-13 21:21:18', 30, '2025-06-13 21:21:18', 'comum'),
	(521, '2025-06-13 21:21:54', 24.00, 'Cartão', 13, 14, '2025-06-13 21:21:54', 35, '2025-06-13 21:21:54', 'comum'),
	(522, '2025-06-13 21:22:06', 10.00, 'Dinheiro', 12, 13, '2025-06-13 21:22:06', 37, '2025-06-13 21:22:06', 'comum'),
	(523, '2025-06-13 21:22:07', 0.00, 'Dinheiro', 20, 4, '2025-06-13 21:22:07', 26, '2025-06-13 21:22:07', 'doacao'),
	(524, '2025-06-13 21:22:11', 10.00, 'Dinheiro', 5, 3, '2025-06-13 21:22:11', 32, '2025-06-13 21:22:11', 'comum'),
	(525, '2025-06-13 21:22:24', 12.00, 'Dinheiro', 9, 5, '2025-06-13 21:22:24', 31, '2025-06-13 21:22:24', 'comum'),
	(526, '2025-06-13 21:22:39', 19.00, 'Pix', 1, 1, '2025-06-13 21:22:39', 30, '2025-06-13 21:22:39', 'comum'),
	(527, '2025-06-13 21:22:40', 10.00, 'Dinheiro', 11, 10, '2025-06-13 21:22:40', 25, '2025-06-13 21:22:40', 'comum'),
	(528, '2025-06-13 21:22:59', 18.00, 'Cartão', 13, 15, '2025-06-13 21:22:59', 34, '2025-06-13 21:22:59', 'comum'),
	(529, '2025-06-13 21:23:05', 5.00, 'Dinheiro', 11, 10, '2025-06-13 21:23:05', 25, '2025-06-13 21:23:05', 'comum'),
	(530, '2025-06-13 21:23:09', 10.00, 'Dinheiro', 5, 3, '2025-06-13 21:23:09', 32, '2025-06-13 21:23:09', 'comum'),
	(531, '2025-06-13 21:23:17', 6.00, 'Dinheiro', 7, 7, '2025-06-13 21:23:17', 33, '2025-06-13 21:23:17', 'comum'),
	(532, '2025-06-13 21:23:20', 5.00, 'Dinheiro', 11, 10, '2025-06-13 21:23:20', 25, '2025-06-13 21:23:20', 'comum'),
	(533, '2025-06-13 21:23:46', 7.00, 'Dinheiro', 7, 7, '2025-06-13 21:23:46', 33, '2025-06-13 21:23:46', 'comum'),
	(534, '2025-06-13 21:23:58', 7.00, 'Pix', 13, 15, '2025-06-13 21:23:58', 34, '2025-06-13 21:23:58', 'comum'),
	(535, '2025-06-13 21:24:34', 0.00, 'Dinheiro', 20, 4, '2025-06-13 21:24:34', 26, '2025-06-13 21:24:34', 'doacao'),
	(536, '2025-06-13 21:24:35', 18.00, 'Cartão', 1, 1, '2025-06-13 21:24:35', 30, '2025-06-13 21:24:35', 'comum'),
	(537, '2025-06-13 21:25:23', 10.00, 'Dinheiro', 11, 10, '2025-06-13 21:25:23', 25, '2025-06-13 21:25:23', 'comum'),
	(538, '2025-06-13 21:26:16', 2.00, 'Dinheiro', 7, 7, '2025-06-13 21:26:16', 33, '2025-06-13 21:26:16', 'comum'),
	(539, '2025-06-13 21:26:18', 5.00, 'Dinheiro', 11, 10, '2025-06-13 21:26:18', 25, '2025-06-13 21:26:18', 'comum'),
	(540, '2025-06-13 21:26:35', 10.00, 'Dinheiro', 9, 5, '2025-06-13 21:26:35', 31, '2025-06-13 21:26:35', 'comum'),
	(541, '2025-06-13 21:28:04', 10.00, 'Cartão', 1, 1, '2025-06-13 21:28:04', 30, '2025-06-13 21:28:04', 'comum'),
	(542, '2025-06-13 21:28:15', 10.00, 'Dinheiro', 12, 13, '2025-06-13 21:28:15', 37, '2025-06-13 21:28:15', 'comum'),
	(543, '2025-06-13 21:28:37', 10.00, 'Cartão', 2, 2, '2025-06-13 21:28:37', 38, '2025-06-13 21:28:37', 'comum'),
	(544, '2025-06-13 21:28:41', 16.00, 'Cartão', 1, 1, '2025-06-13 21:28:41', 30, '2025-06-13 21:28:41', 'comum'),
	(545, '2025-06-13 21:29:09', 4.00, 'Dinheiro', 7, 7, '2025-06-13 21:29:09', 33, '2025-06-13 21:29:09', 'comum'),
	(546, '2025-06-13 21:29:56', 26.00, 'Cartão', 2, 2, '2025-06-13 21:29:56', 38, '2025-06-13 21:29:56', 'comum'),
	(547, '2025-06-13 21:29:57', 16.00, 'Dinheiro', 7, 7, '2025-06-13 21:29:57', 33, '2025-06-13 21:29:57', 'comum'),
	(548, '2025-06-13 21:30:03', 5.00, 'Dinheiro', 11, 10, '2025-06-13 21:30:03', 25, '2025-06-13 21:30:03', 'comum'),
	(549, '2025-06-13 21:30:12', 2.00, 'Dinheiro', 7, 7, '2025-06-13 21:30:12', 33, '2025-06-13 21:30:12', 'comum'),
	(550, '2025-06-13 21:30:22', 16.00, 'Cartão', 1, 1, '2025-06-13 21:30:22', 30, '2025-06-13 21:30:22', 'comum'),
	(551, '2025-06-13 21:31:00', 10.00, 'Dinheiro', 12, 13, '2025-06-13 21:31:00', 37, '2025-06-13 21:31:00', 'comum'),
	(552, '2025-06-13 21:31:16', 24.00, 'Cartão', 1, 1, '2025-06-13 21:31:16', 30, '2025-06-13 21:31:16', 'comum'),
	(553, '2025-06-13 21:31:45', 6.00, 'Dinheiro', 7, 7, '2025-06-13 21:31:45', 33, '2025-06-13 21:31:45', 'comum'),
	(554, '2025-06-13 21:32:30', 9.00, 'Pix', 1, 1, '2025-06-13 21:32:30', 30, '2025-06-13 21:32:30', 'comum'),
	(555, '2025-06-13 21:32:46', 5.00, 'Dinheiro', 11, 10, '2025-06-13 21:32:46', 25, '2025-06-13 21:32:46', 'comum'),
	(556, '2025-06-13 21:33:53', 26.00, 'Cartão', 2, 2, '2025-06-13 21:33:53', 38, '2025-06-13 21:33:53', 'comum'),
	(557, '2025-06-13 21:34:11', 12.00, 'Cartão', 1, 1, '2025-06-13 21:34:11', 30, '2025-06-13 21:34:11', 'comum'),
	(558, '2025-06-13 21:34:15', 5.00, 'Dinheiro', 11, 10, '2025-06-13 21:34:15', 25, '2025-06-13 21:34:15', 'comum'),
	(559, '2025-06-13 21:34:36', 6.00, 'Cartão', 2, 2, '2025-06-13 21:34:36', 38, '2025-06-13 21:34:36', 'comum'),
	(560, '2025-06-13 21:35:10', 6.00, 'Dinheiro', 6, 12, '2025-06-13 21:35:10', 29, '2025-06-13 21:35:10', 'comum'),
	(561, '2025-06-13 21:35:13', 10.00, 'Cartão', 1, 1, '2025-06-13 21:35:13', 30, '2025-06-13 21:35:13', 'comum'),
	(562, '2025-06-13 21:35:15', 6.00, 'Dinheiro', 6, 12, '2025-06-13 21:35:15', 29, '2025-06-13 21:35:15', 'comum'),
	(563, '2025-06-13 21:35:18', 5.00, 'Dinheiro', 11, 10, '2025-06-13 21:35:18', 25, '2025-06-13 21:35:18', 'comum'),
	(564, '2025-06-13 21:35:46', 2.00, 'Dinheiro', 7, 7, '2025-06-13 21:35:46', 33, '2025-06-13 21:35:46', 'comum'),
	(565, '2025-06-13 21:35:55', 13.00, 'Cartão', 1, 1, '2025-06-13 21:35:55', 30, '2025-06-13 21:35:55', 'comum'),
	(566, '2025-06-13 21:36:03', 10.00, 'Dinheiro', 7, 7, '2025-06-13 21:36:03', 33, '2025-06-13 21:36:03', 'comum'),
	(567, '2025-06-13 21:36:46', 7.00, 'Dinheiro', 4, 6, '2025-06-13 21:36:46', 36, '2025-06-13 21:36:46', 'comum'),
	(568, '2025-06-13 21:36:48', 30.00, 'Cartão', 1, 1, '2025-06-13 21:36:48', 30, '2025-06-13 21:36:48', 'comum'),
	(569, '2025-06-13 21:36:51', 5.00, 'Dinheiro', 11, 10, '2025-06-13 21:36:51', 25, '2025-06-13 21:36:51', 'comum'),
	(570, '2025-06-13 21:37:02', 37.00, 'Cartão', 2, 2, '2025-06-13 21:37:02', 38, '2025-06-13 21:37:02', 'comum'),
	(571, '2025-06-13 21:37:31', 10.00, 'Dinheiro', 9, 5, '2025-06-13 21:37:31', 31, '2025-06-13 21:37:31', 'comum'),
	(572, '2025-06-13 21:37:32', 10.00, 'Cartão', 1, 1, '2025-06-13 21:37:32', 30, '2025-06-13 21:37:32', 'comum'),
	(573, '2025-06-13 21:37:44', 7.00, 'Dinheiro', 4, 6, '2025-06-13 21:37:44', 36, '2025-06-13 21:37:44', 'comum'),
	(574, '2025-06-13 21:38:05', 10.00, 'Cartão', 13, 14, '2025-06-13 21:38:05', 35, '2025-06-13 21:38:05', 'comum'),
	(575, '2025-06-13 21:38:15', 10.00, 'Cartão', 1, 1, '2025-06-13 21:38:15', 30, '2025-06-13 21:38:15', 'comum'),
	(576, '2025-06-13 21:38:22', 16.00, 'Cartão', 2, 2, '2025-06-13 21:38:22', 38, '2025-06-13 21:38:22', 'comum'),
	(577, '2025-06-13 21:38:48', 12.00, 'Cartão', 13, 14, '2025-06-13 21:38:48', 35, '2025-06-13 21:38:48', 'comum'),
	(578, '2025-06-13 21:39:11', 15.00, 'Dinheiro', 11, 10, '2025-06-13 21:39:11', 25, '2025-06-13 21:39:11', 'comum'),
	(579, '2025-06-13 21:39:37', 15.00, 'Cartão', 1, 1, '2025-06-13 21:39:37', 30, '2025-06-13 21:39:37', 'comum'),
	(580, '2025-06-13 21:39:41', 10.00, 'Cartão', 2, 2, '2025-06-13 21:39:41', 38, '2025-06-13 21:39:41', 'comum'),
	(581, '2025-06-13 21:40:34', 10.00, 'Cartão', 13, 14, '2025-06-13 21:40:34', 35, '2025-06-13 21:40:34', 'comum'),
	(582, '2025-06-13 21:40:47', 5.00, 'Dinheiro', 11, 10, '2025-06-13 21:40:47', 25, '2025-06-13 21:40:47', 'comum'),
	(583, '2025-06-13 21:41:06', 52.00, 'Cartão', 13, 15, '2025-06-13 21:41:06', 34, '2025-06-13 21:41:06', 'comum'),
	(584, '2025-06-13 21:41:40', 7.00, 'Cartão', 13, 15, '2025-06-13 21:41:40', 34, '2025-06-13 21:41:40', 'comum'),
	(585, '2025-06-13 21:41:53', 28.00, 'Cartão', 1, 1, '2025-06-13 21:41:53', 30, '2025-06-13 21:41:53', 'comum'),
	(586, '2025-06-13 21:42:06', 12.00, 'Cartão', 13, 14, '2025-06-13 21:42:06', 35, '2025-06-13 21:42:06', 'comum'),
	(587, '2025-06-13 21:42:19', 10.00, 'Dinheiro', 11, 10, '2025-06-13 21:42:19', 25, '2025-06-13 21:42:19', 'comum'),
	(588, '2025-06-13 21:42:29', 5.00, 'Dinheiro', 11, 10, '2025-06-13 21:42:29', 25, '2025-06-13 21:42:29', 'comum'),
	(589, '2025-06-13 21:42:47', 22.00, 'Cartão', 13, 15, '2025-06-13 21:42:47', 34, '2025-06-13 21:42:47', 'comum'),
	(590, '2025-06-13 21:42:49', 6.00, 'Dinheiro', 6, 12, '2025-06-13 21:42:49', 29, '2025-06-13 21:42:49', 'comum'),
	(591, '2025-06-13 21:42:51', 10.00, 'Dinheiro', 9, 5, '2025-06-13 21:42:51', 31, '2025-06-13 21:42:51', 'comum'),
	(592, '2025-06-13 21:42:54', 6.00, 'Dinheiro', 6, 12, '2025-06-13 21:42:54', 29, '2025-06-13 21:42:54', 'comum'),
	(593, '2025-06-13 21:43:27', 12.00, 'Dinheiro', 9, 5, '2025-06-13 21:43:27', 31, '2025-06-13 21:43:27', 'comum'),
	(594, '2025-06-13 21:43:35', 5.00, 'Cartão', 13, 15, '2025-06-13 21:43:35', 34, '2025-06-13 21:43:35', 'comum'),
	(595, '2025-06-13 21:43:40', 31.00, 'Cartão', 13, 14, '2025-06-13 21:43:40', 35, '2025-06-13 21:43:40', 'comum'),
	(596, '2025-06-13 21:44:18', 7.00, 'Cartão', 1, 1, '2025-06-13 21:44:18', 30, '2025-06-13 21:44:18', 'comum'),
	(597, '2025-06-13 21:45:33', 20.00, 'Cartão', 1, 1, '2025-06-13 21:45:33', 30, '2025-06-13 21:45:33', 'comum'),
	(598, '2025-06-13 21:45:43', 12.00, 'Dinheiro', 9, 5, '2025-06-13 21:45:43', 31, '2025-06-13 21:45:43', 'comum'),
	(599, '2025-06-13 21:45:45', 10.00, 'Dinheiro', 5, 3, '2025-06-13 21:45:45', 32, '2025-06-13 21:45:45', 'comum'),
	(600, '2025-06-13 21:46:51', 7.00, 'Dinheiro', 7, 7, '2025-06-13 21:46:51', 33, '2025-06-13 21:46:51', 'comum'),
	(601, '2025-06-13 21:47:11', 11.00, 'Cartão', 1, 1, '2025-06-13 21:47:11', 30, '2025-06-13 21:47:11', 'comum'),
	(602, '2025-06-13 21:47:34', 8.00, 'Dinheiro', 7, 7, '2025-06-13 21:47:34', 33, '2025-06-13 21:47:34', 'comum'),
	(603, '2025-06-13 21:47:35', 28.00, 'Cartão', 13, 14, '2025-06-13 21:47:35', 35, '2025-06-13 21:47:35', 'comum'),
	(604, '2025-06-13 21:48:36', 10.00, 'Dinheiro', 7, 7, '2025-06-13 21:48:36', 33, '2025-06-13 21:48:36', 'comum'),
	(605, '2025-06-13 21:49:01', 17.00, 'Cartão', 13, 15, '2025-06-13 21:49:01', 34, '2025-06-13 21:49:01', 'comum'),
	(606, '2025-06-13 21:49:52', 7.00, 'Cartão', 13, 15, '2025-06-13 21:49:52', 34, '2025-06-13 21:49:52', 'comum'),
	(607, '2025-06-13 21:49:59', 18.00, 'Cartão', 1, 1, '2025-06-13 21:49:59', 30, '2025-06-13 21:49:59', 'comum'),
	(608, '2025-06-13 21:50:19', 23.00, 'Cartão', 13, 14, '2025-06-13 21:50:19', 35, '2025-06-13 21:50:19', 'comum'),
	(609, '2025-06-13 21:50:57', 29.00, 'Cartão', 13, 15, '2025-06-13 21:50:57', 34, '2025-06-13 21:50:57', 'comum'),
	(610, '2025-06-13 21:52:29', 6.00, 'Dinheiro', 7, 7, '2025-06-13 21:52:29', 33, '2025-06-13 21:52:29', 'comum'),
	(611, '2025-06-13 21:52:55', 15.00, 'Dinheiro', 11, 10, '2025-06-13 21:52:55', 25, '2025-06-13 21:52:55', 'comum'),
	(612, '2025-06-13 21:53:31', 7.00, 'Dinheiro', 4, 6, '2025-06-13 21:53:31', 36, '2025-06-13 21:53:31', 'comum'),
	(613, '2025-06-13 21:53:34', 5.00, 'Dinheiro', 11, 10, '2025-06-13 21:53:34', 25, '2025-06-13 21:53:34', 'comum'),
	(614, '2025-06-13 21:53:35', 42.00, 'Cartão', 13, 15, '2025-06-13 21:53:35', 34, '2025-06-13 21:53:35', 'comum'),
	(615, '2025-06-13 21:53:46', 17.00, 'Pix', 1, 1, '2025-06-13 21:53:46', 30, '2025-06-13 21:53:46', 'comum'),
	(616, '2025-06-13 21:54:12', 14.00, 'Dinheiro', 8, 8, '2025-06-13 21:54:12', 28, '2025-06-13 21:54:12', 'comum'),
	(617, '2025-06-13 21:54:23', 17.00, 'Cartão', 2, 2, '2025-06-13 21:54:23', 38, '2025-06-13 21:54:23', 'comum'),
	(618, '2025-06-13 21:54:42', 7.00, 'Dinheiro', 4, 6, '2025-06-13 21:54:42', 36, '2025-06-13 21:54:42', 'comum'),
	(619, '2025-06-13 21:54:53', 4.00, 'Pix', 13, 14, '2025-06-13 21:54:53', 35, '2025-06-13 21:54:53', 'comum'),
	(620, '2025-06-13 21:54:56', 43.00, 'Cartão', 13, 15, '2025-06-13 21:54:56', 34, '2025-06-13 21:54:56', 'comum'),
	(621, '2025-06-13 21:55:04', 7.00, 'Cartão', 2, 2, '2025-06-13 21:55:04', 38, '2025-06-13 21:55:04', 'comum'),
	(622, '2025-06-13 21:56:17', 2.00, 'Dinheiro', 7, 7, '2025-06-13 21:56:17', 33, '2025-06-13 21:56:17', 'comum'),
	(623, '2025-06-13 21:56:35', 10.00, 'Dinheiro', 12, 13, '2025-06-13 21:56:35', 37, '2025-06-13 21:56:35', 'comum'),
	(624, '2025-06-13 21:56:45', 10.00, 'Dinheiro', 12, 13, '2025-06-13 21:56:45', 37, '2025-06-13 21:56:45', 'comum'),
	(625, '2025-06-13 21:56:54', 10.00, 'Dinheiro', 12, 13, '2025-06-13 21:56:54', 37, '2025-06-13 21:56:54', 'comum'),
	(626, '2025-06-13 21:57:03', 10.00, 'Dinheiro', 12, 13, '2025-06-13 21:57:03', 37, '2025-06-13 21:57:03', 'comum'),
	(627, '2025-06-13 21:57:11', 10.00, 'Dinheiro', 12, 13, '2025-06-13 21:57:11', 37, '2025-06-13 21:57:11', 'comum'),
	(628, '2025-06-13 21:57:21', 10.00, 'Dinheiro', 12, 13, '2025-06-13 21:57:21', 37, '2025-06-13 21:57:21', 'comum'),
	(629, '2025-06-13 21:58:07', 16.00, 'Cartão', 1, 1, '2025-06-13 21:58:07', 30, '2025-06-13 21:58:07', 'comum'),
	(630, '2025-06-13 21:58:29', 20.00, 'Cartão', 13, 14, '2025-06-13 21:58:29', 35, '2025-06-13 21:58:29', 'comum'),
	(631, '2025-06-13 21:59:32', 4.00, 'Dinheiro', 7, 7, '2025-06-13 21:59:32', 33, '2025-06-13 21:59:32', 'comum'),
	(632, '2025-06-13 21:59:36', 0.00, 'Dinheiro', 20, 4, '2025-06-13 21:59:36', 26, '2025-06-13 21:59:36', 'doacao'),
	(633, '2025-06-13 22:00:20', 10.00, 'Dinheiro', 5, 3, '2025-06-13 22:00:20', 32, '2025-06-13 22:00:20', 'comum'),
	(634, '2025-06-13 22:00:42', 14.00, 'Dinheiro', 4, 6, '2025-06-13 22:00:42', 36, '2025-06-13 22:00:42', 'comum'),
	(635, '2025-06-13 22:00:53', 4.00, 'Dinheiro', 7, 7, '2025-06-13 22:00:53', 33, '2025-06-13 22:00:53', 'comum'),
	(636, '2025-06-13 22:01:20', 10.00, 'Dinheiro', 12, 13, '2025-06-13 22:01:20', 37, '2025-06-13 22:01:20', 'comum'),
	(637, '2025-06-13 22:01:26', 10.00, 'Dinheiro', 12, 13, '2025-06-13 22:01:26', 37, '2025-06-13 22:01:26', 'comum'),
	(638, '2025-06-13 22:01:33', 10.00, 'Dinheiro', 12, 13, '2025-06-13 22:01:33', 37, '2025-06-13 22:01:33', 'comum'),
	(639, '2025-06-13 22:01:39', 10.00, 'Dinheiro', 12, 13, '2025-06-13 22:01:39', 37, '2025-06-13 22:01:39', 'comum'),
	(640, '2025-06-13 22:02:04', 37.00, 'Cartão', 13, 15, '2025-06-13 22:02:04', 34, '2025-06-13 22:02:04', 'comum'),
	(641, '2025-06-13 22:02:51', 10.00, 'Cartão', 13, 15, '2025-06-13 22:02:51', 34, '2025-06-13 22:02:51', 'comum'),
	(642, '2025-06-13 22:02:57', 26.00, 'Cartão', 2, 2, '2025-06-13 22:02:57', 38, '2025-06-13 22:02:57', 'comum'),
	(643, '2025-06-13 22:03:09', 22.00, 'Cartão', 13, 14, '2025-06-13 22:03:09', 35, '2025-06-13 22:03:09', 'comum'),
	(644, '2025-06-13 22:03:18', 10.00, 'Dinheiro', 12, 13, '2025-06-13 22:03:18', 37, '2025-06-13 22:03:18', 'comum'),
	(645, '2025-06-13 22:03:24', 10.00, 'Dinheiro', 12, 13, '2025-06-13 22:03:24', 37, '2025-06-13 22:03:24', 'comum'),
	(646, '2025-06-13 22:04:39', 10.00, 'Dinheiro', 11, 10, '2025-06-13 22:04:39', 25, '2025-06-13 22:04:39', 'comum'),
	(647, '2025-06-13 22:05:16', 16.00, 'Cartão', 13, 15, '2025-06-13 22:05:16', 34, '2025-06-13 22:05:16', 'comum'),
	(648, '2025-06-13 22:05:18', 10.00, 'Dinheiro', 12, 13, '2025-06-13 22:05:18', 37, '2025-06-13 22:05:18', 'comum'),
	(649, '2025-06-13 22:05:40', 12.00, 'Cartão', 2, 2, '2025-06-13 22:05:40', 38, '2025-06-13 22:05:40', 'comum'),
	(650, '2025-06-13 22:06:05', 12.00, 'Cartão', 13, 15, '2025-06-13 22:06:05', 34, '2025-06-13 22:06:05', 'comum'),
	(651, '2025-06-13 22:06:05', 20.00, 'Cartão', 13, 14, '2025-06-13 22:06:05', 35, '2025-06-13 22:06:05', 'comum'),
	(652, '2025-06-13 22:06:38', 10.00, 'Dinheiro', 7, 7, '2025-06-13 22:06:38', 33, '2025-06-13 22:06:38', 'comum'),
	(653, '2025-06-13 22:06:55', 6.00, 'Dinheiro', 7, 7, '2025-06-13 22:06:55', 33, '2025-06-13 22:06:55', 'comum'),
	(654, '2025-06-13 22:07:01', 30.00, 'Cartão', 13, 15, '2025-06-13 22:07:01', 34, '2025-06-13 22:07:01', 'comum'),
	(655, '2025-06-13 22:07:16', 10.00, 'Dinheiro', 12, 13, '2025-06-13 22:07:16', 37, '2025-06-13 22:07:16', 'comum'),
	(656, '2025-06-13 22:07:22', 10.00, 'Dinheiro', 12, 13, '2025-06-13 22:07:22', 37, '2025-06-13 22:07:22', 'comum'),
	(657, '2025-06-13 22:07:28', 10.00, 'Dinheiro', 12, 13, '2025-06-13 22:07:28', 37, '2025-06-13 22:07:28', 'comum'),
	(658, '2025-06-13 22:07:37', 4.00, 'Cartão', 13, 14, '2025-06-13 22:07:37', 35, '2025-06-13 22:07:37', 'comum'),
	(659, '2025-06-13 22:07:59', 16.00, 'Cartão', 13, 15, '2025-06-13 22:07:59', 34, '2025-06-13 22:07:59', 'comum'),
	(660, '2025-06-13 22:08:19', 6.00, 'Dinheiro', 6, 12, '2025-06-13 22:08:19', 29, '2025-06-13 22:08:19', 'comum'),
	(661, '2025-06-13 22:09:08', 10.00, 'Cartão', 13, 14, '2025-06-13 22:09:08', 35, '2025-06-13 22:09:08', 'comum'),
	(662, '2025-06-13 22:09:20', 10.00, 'Dinheiro', 7, 7, '2025-06-13 22:09:20', 33, '2025-06-13 22:09:20', 'comum'),
	(663, '2025-06-13 22:09:29', 6.00, 'Dinheiro', 6, 12, '2025-06-13 22:09:29', 29, '2025-06-13 22:09:29', 'comum'),
	(664, '2025-06-13 22:09:30', 2.00, 'Pix', 13, 15, '2025-06-13 22:09:30', 34, '2025-06-13 22:09:30', 'comum'),
	(665, '2025-06-13 22:09:33', -7.00, 'Dinheiro', 20, 4, '2025-06-13 22:09:33', 26, '2025-06-13 22:09:33', 'devolucao'),
	(666, '2025-06-13 22:09:58', 40.00, 'Cartão', 2, 2, '2025-06-13 22:09:58', 38, '2025-06-13 22:09:58', 'comum'),
	(667, '2025-06-13 22:10:16', 0.00, 'Dinheiro', 20, 4, '2025-06-13 22:10:16', 26, '2025-06-13 22:10:16', 'perda'),
	(668, '2025-06-13 22:10:28', 3.00, 'Cartão', 13, 14, '2025-06-13 22:10:28', 35, '2025-06-13 22:10:28', 'comum'),
	(669, '2025-06-13 22:10:46', 10.00, 'Dinheiro', 12, 13, '2025-06-13 22:10:46', 37, '2025-06-13 22:10:46', 'comum'),
	(670, '2025-06-13 22:10:49', 0.00, 'Dinheiro', 20, 4, '2025-06-13 22:10:49', 26, '2025-06-13 22:10:49', 'perda'),
	(671, '2025-06-13 22:11:08', 0.00, 'Dinheiro', 20, 4, '2025-06-13 22:11:08', 26, '2025-06-13 22:11:08', 'perda'),
	(672, '2025-06-13 22:11:40', 30.00, 'Dinheiro', 5, 3, '2025-06-13 22:11:40', 32, '2025-06-13 22:11:40', 'comum'),
	(673, '2025-06-13 22:11:51', 20.00, 'Dinheiro', 11, 10, '2025-06-13 22:11:51', 25, '2025-06-13 22:11:51', 'comum'),
	(674, '2025-06-13 22:13:13', 10.00, 'Dinheiro', 5, 3, '2025-06-13 22:13:13', 32, '2025-06-13 22:13:13', 'comum'),
	(675, '2025-06-13 22:13:36', 2.00, 'Dinheiro', 7, 7, '2025-06-13 22:13:36', 33, '2025-06-13 22:13:36', 'comum'),
	(676, '2025-06-13 22:13:57', 7.00, 'Dinheiro', 4, 6, '2025-06-13 22:13:57', 36, '2025-06-13 22:13:57', 'comum'),
	(677, '2025-06-13 22:13:59', -7.00, 'Dinheiro', 20, 4, '2025-06-13 22:13:59', 26, '2025-06-13 22:13:59', 'devolucao'),
	(678, '2025-06-13 22:14:05', 10.00, 'Dinheiro', 12, 13, '2025-06-13 22:14:05', 37, '2025-06-13 22:14:05', 'comum'),
	(679, '2025-06-13 22:14:08', 10.00, 'Dinheiro', 5, 3, '2025-06-13 22:14:08', 32, '2025-06-13 22:14:08', 'comum'),
	(680, '2025-06-13 22:15:08', 10.00, 'Pix', 13, 15, '2025-06-13 22:15:08', 34, '2025-06-13 22:15:08', 'comum'),
	(681, '2025-06-13 22:15:35', 22.00, 'Cartão', 13, 14, '2025-06-13 22:15:35', 35, '2025-06-13 22:15:35', 'comum'),
	(682, '2025-06-13 22:15:35', 7.00, 'Dinheiro', 4, 6, '2025-06-13 22:15:35', 36, '2025-06-13 22:15:35', 'comum'),
	(683, '2025-06-13 22:15:46', -12.00, 'Dinheiro', 20, 4, '2025-06-13 22:15:46', 26, '2025-06-13 22:15:46', 'devolucao'),
	(684, '2025-06-13 22:16:17', 2.00, 'Dinheiro', 20, 4, '2025-06-13 22:16:17', 26, '2025-06-13 22:16:17', 'comum'),
	(685, '2025-06-13 22:16:28', 10.00, 'Dinheiro', 5, 3, '2025-06-13 22:16:28', 32, '2025-06-13 22:16:28', 'comum'),
	(686, '2025-06-13 22:16:28', 4.00, 'Dinheiro', 7, 7, '2025-06-13 22:16:28', 33, '2025-06-13 22:16:28', 'comum'),
	(687, '2025-06-13 22:17:37', 30.00, 'Cartão', 13, 14, '2025-06-13 22:17:37', 35, '2025-06-13 22:17:37', 'comum'),
	(688, '2025-06-13 22:18:32', 2.00, 'Dinheiro', 7, 7, '2025-06-13 22:18:32', 33, '2025-06-13 22:18:32', 'comum'),
	(689, '2025-06-13 22:18:39', -12.00, 'Dinheiro', 20, 4, '2025-06-13 22:18:39', 26, '2025-06-13 22:18:39', 'devolucao'),
	(690, '2025-06-13 22:19:02', 10.00, 'Cartão', 13, 15, '2025-06-13 22:19:02', 34, '2025-06-13 22:19:02', 'comum'),
	(691, '2025-06-13 22:19:12', 10.00, 'Dinheiro', 7, 7, '2025-06-13 22:19:12', 33, '2025-06-13 22:19:12', 'comum'),
	(692, '2025-06-13 22:19:22', 12.00, 'Cartão', 2, 2, '2025-06-13 22:19:22', 38, '2025-06-13 22:19:22', 'comum'),
	(693, '2025-06-13 22:19:32', 6.00, 'Dinheiro', 7, 7, '2025-06-13 22:19:32', 33, '2025-06-13 22:19:32', 'comum'),
	(694, '2025-06-13 22:20:38', 22.00, 'Cartão', 13, 15, '2025-06-13 22:20:38', 34, '2025-06-13 22:20:38', 'comum'),
	(695, '2025-06-13 22:20:50', 5.00, 'Dinheiro', 11, 10, '2025-06-13 22:20:50', 25, '2025-06-13 22:20:50', 'comum'),
	(696, '2025-06-13 22:21:21', 16.00, 'Cartão', 13, 15, '2025-06-13 22:21:21', 34, '2025-06-13 22:21:21', 'comum'),
	(697, '2025-06-13 22:21:45', 10.00, 'Dinheiro', 12, 13, '2025-06-13 22:21:45', 37, '2025-06-13 22:21:45', 'comum'),
	(698, '2025-06-13 22:21:50', 7.00, 'Cartão', 13, 15, '2025-06-13 22:21:50', 34, '2025-06-13 22:21:50', 'comum'),
	(699, '2025-06-13 22:22:21', 10.00, 'Cartão', 13, 15, '2025-06-13 22:22:21', 34, '2025-06-13 22:22:21', 'comum'),
	(700, '2025-06-13 22:22:37', 12.00, 'Cartão', 13, 14, '2025-06-13 22:22:37', 35, '2025-06-13 22:22:37', 'comum'),
	(701, '2025-06-13 22:22:58', 10.00, 'Dinheiro', 12, 13, '2025-06-13 22:22:58', 37, '2025-06-13 22:22:58', 'comum'),
	(702, '2025-06-13 22:23:13', 10.00, 'Dinheiro', 11, 10, '2025-06-13 22:23:13', 25, '2025-06-13 22:23:13', 'comum'),
	(703, '2025-06-13 22:23:16', 16.00, 'Cartão', 13, 15, '2025-06-13 22:23:16', 34, '2025-06-13 22:23:16', 'comum'),
	(704, '2025-06-13 22:23:25', 10.00, 'Dinheiro', 12, 13, '2025-06-13 22:23:25', 37, '2025-06-13 22:23:25', 'comum'),
	(705, '2025-06-13 22:23:31', 10.00, 'Dinheiro', 12, 13, '2025-06-13 22:23:31', 37, '2025-06-13 22:23:31', 'comum'),
	(706, '2025-06-13 22:23:33', 10.00, 'Dinheiro', 11, 10, '2025-06-13 22:23:33', 25, '2025-06-13 22:23:33', 'comum'),
	(707, '2025-06-13 22:23:58', 10.00, 'Pix', 13, 14, '2025-06-13 22:23:58', 35, '2025-06-13 22:23:58', 'comum'),
	(708, '2025-06-13 22:24:00', 10.00, 'Dinheiro', 7, 7, '2025-06-13 22:24:00', 33, '2025-06-13 22:24:00', 'comum'),
	(709, '2025-06-13 22:24:08', 12.00, 'Dinheiro', 7, 7, '2025-06-13 22:24:08', 33, '2025-06-13 22:24:08', 'comum'),
	(710, '2025-06-13 22:24:13', 21.00, 'Cartão', 13, 15, '2025-06-13 22:24:13', 34, '2025-06-13 22:24:13', 'comum'),
	(711, '2025-06-13 22:24:43', 10.00, 'Dinheiro', 11, 10, '2025-06-13 22:24:43', 25, '2025-06-13 22:24:43', 'comum'),
	(712, '2025-06-13 22:24:57', 36.00, 'Cartão', 2, 2, '2025-06-13 22:24:57', 38, '2025-06-13 22:24:57', 'comum'),
	(713, '2025-06-13 22:25:10', 10.00, 'Dinheiro', 12, 13, '2025-06-13 22:25:10', 37, '2025-06-13 22:25:10', 'comum'),
	(714, '2025-06-13 22:25:36', 20.00, 'Cartão', 13, 15, '2025-06-13 22:25:36', 34, '2025-06-13 22:25:36', 'comum'),
	(715, '2025-06-13 22:26:01', 6.00, 'Cartão', 2, 2, '2025-06-13 22:26:01', 38, '2025-06-13 22:26:01', 'comum'),
	(716, '2025-06-13 22:26:34', 6.00, 'Dinheiro', 6, 12, '2025-06-13 22:26:34', 29, '2025-06-13 22:26:34', 'comum'),
	(717, '2025-06-13 22:27:28', 20.00, 'Dinheiro', 9, 5, '2025-06-13 22:27:28', 31, '2025-06-13 22:27:28', 'comum'),
	(718, '2025-06-13 22:27:35', 32.00, 'Cartão', 2, 2, '2025-06-13 22:27:35', 38, '2025-06-13 22:27:35', 'comum'),
	(719, '2025-06-13 22:27:37', 9.00, 'Pix', 13, 14, '2025-06-13 22:27:37', 35, '2025-06-13 22:27:37', 'comum'),
	(720, '2025-06-13 22:27:51', 0.00, 'Dinheiro', 20, 4, '2025-06-13 22:27:51', 26, '2025-06-13 22:27:51', 'doacao'),
	(721, '2025-06-13 22:27:57', 10.00, 'Dinheiro', 5, 3, '2025-06-13 22:27:57', 32, '2025-06-13 22:27:57', 'comum'),
	(722, '2025-06-13 22:28:15', 0.00, 'Dinheiro', 20, 4, '2025-06-13 22:28:15', 26, '2025-06-13 22:28:15', 'doacao'),
	(723, '2025-06-13 22:28:40', 0.00, 'Dinheiro', 20, 4, '2025-06-13 22:28:40', 26, '2025-06-13 22:28:40', 'doacao'),
	(724, '2025-06-13 22:28:41', 7.00, 'Cartão', 2, 2, '2025-06-13 22:28:41', 38, '2025-06-13 22:28:41', 'comum'),
	(725, '2025-06-13 22:28:41', 6.00, 'Cartão', 1, 1, '2025-06-13 22:28:41', 30, '2025-06-13 22:28:41', 'comum'),
	(726, '2025-06-13 22:28:43', 10.00, 'Dinheiro', 12, 13, '2025-06-13 22:28:43', 37, '2025-06-13 22:28:43', 'comum'),
	(727, '2025-06-13 22:28:55', 16.00, 'Cartão', 13, 14, '2025-06-13 22:28:55', 35, '2025-06-13 22:28:55', 'comum'),
	(728, '2025-06-13 22:29:05', 0.00, 'Dinheiro', 20, 4, '2025-06-13 22:29:05', 26, '2025-06-13 22:29:05', 'doacao'),
	(729, '2025-06-13 22:29:12', 10.00, 'Dinheiro', 9, 5, '2025-06-13 22:29:12', 31, '2025-06-13 22:29:12', 'comum'),
	(730, '2025-06-13 22:29:19', 2.00, 'Cartão', 1, 1, '2025-06-13 22:29:19', 30, '2025-06-13 22:29:19', 'comum'),
	(731, '2025-06-13 22:29:38', 0.00, 'Dinheiro', 20, 4, '2025-06-13 22:29:38', 26, '2025-06-13 22:29:38', 'doacao'),
	(732, '2025-06-13 22:29:42', 20.00, 'Cartão', 13, 14, '2025-06-13 22:29:42', 35, '2025-06-13 22:29:42', 'comum'),
	(733, '2025-06-13 22:29:58', 24.00, 'Cartão', 1, 1, '2025-06-13 22:29:58', 30, '2025-06-13 22:29:58', 'comum'),
	(734, '2025-06-13 22:30:00', 0.00, 'Dinheiro', 20, 4, '2025-06-13 22:30:00', 26, '2025-06-13 22:30:00', 'doacao'),
	(735, '2025-06-13 22:30:09', 17.00, 'Cartão', 2, 2, '2025-06-13 22:30:09', 38, '2025-06-13 22:30:09', 'comum'),
	(736, '2025-06-13 22:30:32', 6.00, 'Dinheiro', 7, 7, '2025-06-13 22:30:32', 33, '2025-06-13 22:30:32', 'comum'),
	(737, '2025-06-13 22:30:41', 20.00, 'Cartão', 13, 14, '2025-06-13 22:30:41', 35, '2025-06-13 22:30:41', 'comum'),
	(738, '2025-06-13 22:31:10', 16.00, 'Cartão', 1, 1, '2025-06-13 22:31:10', 30, '2025-06-13 22:31:10', 'comum'),
	(739, '2025-06-13 22:31:29', 18.00, 'Cartão', 2, 2, '2025-06-13 22:31:29', 38, '2025-06-13 22:31:29', 'comum'),
	(740, '2025-06-13 22:31:48', 9.00, 'Dinheiro', 7, 7, '2025-06-13 22:31:48', 33, '2025-06-13 22:31:48', 'comum'),
	(741, '2025-06-13 22:32:22', 29.00, 'Cartão', 13, 14, '2025-06-13 22:32:22', 35, '2025-06-13 22:32:22', 'comum'),
	(742, '2025-06-13 22:33:08', 18.00, 'Dinheiro', 7, 7, '2025-06-13 22:33:08', 33, '2025-06-13 22:33:08', 'comum'),
	(743, '2025-06-13 22:33:11', -14.00, 'Dinheiro', 20, 4, '2025-06-13 22:33:11', 26, '2025-06-13 22:33:11', 'devolucao'),
	(744, '2025-06-13 22:34:02', 21.00, 'Dinheiro', 8, 8, '2025-06-13 22:34:02', 28, '2025-06-13 22:34:02', 'comum'),
	(745, '2025-06-13 22:34:18', 18.00, 'Cartão', 13, 14, '2025-06-13 22:34:18', 35, '2025-06-13 22:34:18', 'comum'),
	(746, '2025-06-13 22:34:46', 20.00, 'Cartão', 1, 1, '2025-06-13 22:34:46', 30, '2025-06-13 22:34:46', 'comum'),
	(747, '2025-06-13 22:35:32', 7.00, 'Dinheiro', 7, 7, '2025-06-13 22:35:32', 33, '2025-06-13 22:35:32', 'comum'),
	(748, '2025-06-13 22:36:10', 0.00, 'Dinheiro', 20, 4, '2025-06-13 22:36:10', 26, '2025-06-13 22:36:10', 'perda'),
	(749, '2025-06-13 22:36:52', 10.00, 'Dinheiro', 12, 13, '2025-06-13 22:36:52', 37, '2025-06-13 22:36:52', 'comum'),
	(750, '2025-06-13 22:36:57', 10.00, 'Dinheiro', 12, 13, '2025-06-13 22:36:57', 37, '2025-06-13 22:36:57', 'comum'),
	(751, '2025-06-13 22:37:01', 10.00, 'Dinheiro', 5, 3, '2025-06-13 22:37:01', 32, '2025-06-13 22:37:01', 'comum'),
	(752, '2025-06-13 22:37:33', 9.00, 'Cartão', 1, 1, '2025-06-13 22:37:33', 30, '2025-06-13 22:37:33', 'comum'),
	(753, '2025-06-13 22:38:27', -10.00, 'Cartão', 20, 4, '2025-06-13 22:38:27', 26, '2025-06-13 22:38:27', 'devolucao'),
	(754, '2025-06-13 22:38:38', 10.00, 'Dinheiro', 9, 5, '2025-06-13 22:38:38', 31, '2025-06-13 22:38:38', 'comum'),
	(755, '2025-06-13 22:38:50', 6.00, 'Cartão', 20, 4, '2025-06-13 22:38:50', 26, '2025-06-13 22:38:50', 'comum'),
	(756, '2025-06-13 22:39:05', 20.00, 'Cartão', 13, 14, '2025-06-13 22:39:05', 35, '2025-06-13 22:39:05', 'comum'),
	(757, '2025-06-13 22:39:19', 14.00, 'Dinheiro', 7, 7, '2025-06-13 22:39:19', 33, '2025-06-13 22:39:19', 'comum'),
	(758, '2025-06-13 22:40:44', 17.00, 'Cartão', 13, 14, '2025-06-13 22:40:44', 35, '2025-06-13 22:40:44', 'comum'),
	(759, '2025-06-13 22:41:19', 6.00, 'Dinheiro', 6, 12, '2025-06-13 22:41:19', 29, '2025-06-13 22:41:19', 'comum'),
	(760, '2025-06-13 22:41:24', 6.00, 'Dinheiro', 6, 12, '2025-06-13 22:41:24', 29, '2025-06-13 22:41:24', 'comum'),
	(761, '2025-06-13 22:41:29', 6.00, 'Dinheiro', 6, 12, '2025-06-13 22:41:29', 29, '2025-06-13 22:41:29', 'comum'),
	(762, '2025-06-13 22:41:33', 6.00, 'Dinheiro', 6, 12, '2025-06-13 22:41:33', 29, '2025-06-13 22:41:33', 'comum'),
	(763, '2025-06-13 22:41:38', 6.00, 'Dinheiro', 6, 12, '2025-06-13 22:41:38', 29, '2025-06-13 22:41:38', 'comum'),
	(764, '2025-06-13 22:41:41', 12.00, 'Dinheiro', 7, 7, '2025-06-13 22:41:41', 33, '2025-06-13 22:41:41', 'comum'),
	(765, '2025-06-13 22:41:42', 6.00, 'Dinheiro', 6, 12, '2025-06-13 22:41:42', 29, '2025-06-13 22:41:42', 'comum'),
	(766, '2025-06-13 22:41:58', 6.00, 'Dinheiro', 6, 12, '2025-06-13 22:41:58', 29, '2025-06-13 22:41:58', 'comum'),
	(767, '2025-06-13 22:43:38', 20.00, 'Dinheiro', 5, 3, '2025-06-13 22:43:38', 32, '2025-06-13 22:43:38', 'comum'),
	(768, '2025-06-13 22:45:11', 10.00, 'Dinheiro', 7, 7, '2025-06-13 22:45:11', 33, '2025-06-13 22:45:11', 'comum'),
	(769, '2025-06-13 22:45:33', 12.00, 'Dinheiro', 9, 5, '2025-06-13 22:45:33', 31, '2025-06-13 22:45:33', 'comum'),
	(770, '2025-06-13 22:45:43', 2.00, 'Dinheiro', 7, 7, '2025-06-13 22:45:43', 33, '2025-06-13 22:45:43', 'comum'),
	(771, '2025-06-13 22:47:00', 5.00, 'Dinheiro', 11, 10, '2025-06-13 22:47:00', 25, '2025-06-13 22:47:00', 'comum'),
	(772, '2025-06-13 22:48:12', 20.00, 'Cartão', 2, 2, '2025-06-13 22:48:12', 38, '2025-06-13 22:48:12', 'comum'),
	(773, '2025-06-13 22:49:40', 6.00, 'Pix', 13, 15, '2025-06-13 22:49:40', 34, '2025-06-13 22:49:40', 'comum'),
	(774, '2025-06-13 22:49:48', 10.00, 'Cartão', 2, 2, '2025-06-13 22:49:48', 38, '2025-06-13 22:49:48', 'comum'),
	(775, '2025-06-13 22:51:26', 10.00, 'Dinheiro', 5, 3, '2025-06-13 22:51:26', 32, '2025-06-13 22:51:26', 'comum');

/*!40103 SET TIME_ZONE=IFNULL(@OLD_TIME_ZONE, 'system') */;
/*!40101 SET SQL_MODE=IFNULL(@OLD_SQL_MODE, '') */;
/*!40014 SET FOREIGN_KEY_CHECKS=IFNULL(@OLD_FOREIGN_KEY_CHECKS, 1) */;
/*!40101 SET CHARACTER_SET_CLIENT=@OLD_CHARACTER_SET_CLIENT */;
/*!40111 SET SQL_NOTES=IFNULL(@OLD_SQL_NOTES, 1) */;
